artifact_path,artifact_group,extension,size_bytes,line_count,is_binary,sha256,generated_by
chunks/bgp_chunks.jsonl,chunks,.jsonl,1748772,890,False,ea4fc4b33eb3c79ad6ada02624e199655b3e7855052ae94055eb3a6229d4ca69,scripts/build_chunks.py
chunks/case_chunks.jsonl,chunks,.jsonl,185678,89,False,c39acf9dc3af31a5a96ad4bedb07c8d28a5d5aa60dc0fc4aeeeced2cb559f0db,scripts/build_chunks.py
chunks/paper_chunks.jsonl,chunks,.jsonl,997503,504,False,e4a7dee360e17a3134c4b5531650b74ee1d8fd131ce0cf0ee434a4046bf8da5e,scripts/build_chunks.py
chunks/seeds/context_chunks.jsonl,chunks,.jsonl,3886,5,False,4d1c1e0676bc09253dc9b475117066139317e74909c44812a6ee93011aa5b7d1,manual_seed
chunks/standard_chunks.jsonl,chunks,.jsonl,898292,554,False,7c836bc8ee12685cabf734c9ca7c0691b643f97f110b5ab5a162fc80ef444597,scripts/build_chunks.py
cleaned/README.md,cleaned,.md,4211,61,False,d4b174f202d9a795f704aa8b70de5040b357167794b98a87b1541cad1f509ab4,scripts/parse_documents.py
cleaned/cases/aws_route53_crypto_hijack_2018.md,cleaned,.md,12008,364,False,d9cd3d09eb2a5fc2b81d5e817681fd2a137367c00d2598632933dbc249a0b2cc,scripts/parse_documents.py
cleaned/cases/cert_eu_china_telecom_route_leak_2019.md,cleaned,.md,5616,61,False,0686d45aac8f14b022a5365515c182a24833e73dfe4f5cfe0375619f7c1ee91e,scripts/parse_documents.py
cleaned/cases/china_telecom_europe_route_leak_2019.md,cleaned,.md,11450,332,False,e20d80baa9a5209a3a81050031d20359319bc75c3efb2f2412501aa6202fc0b7,scripts/parse_documents.py
cleaned/cases/cloudflare_outage_2026.md,cleaned,.md,21828,416,False,100a2bf9bfb8f738618931884aaab36b3f7ecd4b6e01e611a374a4971fd4452b,scripts/parse_documents.py
cleaned/cases/cloudflare_verizon_route_leak_2019.md,cleaned,.md,11540,277,False,901bc07cafeb9fee2c28e16cdba9ba0276d10f9027a73c66f96b23a9a6a5c207,scripts/parse_documents.py
cleaned/cases/facebook_outage_cloudflare_2021.md,cleaned,.md,13164,350,False,bb12b489e266b42514855a178199495fc4aa0aef165595d85bae4fcf8ce87c83,scripts/parse_documents.py
cleaned/cases/facebook_outage_meta_2021.md,cleaned,.md,5348,263,False,a29435392075757bdf373371fc9cd7bdf2496d0f53bb707c7f2342d4c5a13491,scripts/parse_documents.py
cleaned/cases/fastly_rpki_hijack_2024.md,cleaned,.md,12596,212,False,cd64e60bb5a0a77c46e55dc235949cd2ff4c8fd8dd6650eaf6d730f97181213b,scripts/parse_documents.py
cleaned/cases/indosat_route_leak_2014.md,cleaned,.md,9367,423,False,847e2190c40aebb26f7cac6f0fad50b8b22ba5aac41ab924cce64e5a87c59e3a,scripts/parse_documents.py
cleaned/cases/mainone_google_cloudflare_route_leak_2018.md,cleaned,.md,9858,262,False,bc8fb099a1238d06458c7accdf2e5997a7941ed2baec728068089eeb012ccc75,scripts/parse_documents.py
cleaned/cases/manrs_bgp_2020_review.md,cleaned,.md,14086,665,False,75eb75a3c81e843f46cb80f9d6c60a772024f6a011b35f8c9529e72b1f6c1651,scripts/parse_documents.py
cleaned/cases/manrs_regional_bgp_incidents_2020.md,cleaned,.md,9383,443,False,bd2730726984d583a86ad6a607f74ae14ff3e68cec0902915049b761979a3361,scripts/parse_documents.py
cleaned/cases/youtube_hijack_google_2008.md,cleaned,.md,5023,328,False,dc4fd48d4b2208ee25df3a990916e77d8b49a277dd6c778277ad3a24ee216c53,scripts/parse_documents.py
cleaned/data_docs/arin_aspa_doc.md,cleaned,.md,7852,410,False,e8a0a19b8d3058d303ae73841a21056df6c6cd3a384bc3d9c3dad36e71b0c082,scripts/parse_documents.py
cleaned/data_docs/bgpstream_docs.md,cleaned,.md,1594,149,False,27fd76bcf7aa22b7cffaf2d5d07ecf6af4f6f647ed088109dbddd91f8c4bfd1c,scripts/parse_documents.py
cleaned/data_docs/bgpstream_tutorials.md,cleaned,.md,1646,171,False,c072b3643df7526201f1f94ff3b2fba04c00d16532a93ca2b8a78b9809aa5a04,scripts/parse_documents.py
cleaned/data_docs/caida_as_relationships.md,cleaned,.md,23356,651,False,831894a8ad8dc919001873ea88e49371e5ff1fba0ca83a4f5ab0a1b36dfb6c78,scripts/parse_documents.py
cleaned/data_docs/caida_asrank_api.md,cleaned,.md,13535,387,False,18966738fce989abc82f10bff1537a80e9ea4864b4b1d603055888181765c394,scripts/parse_documents.py
cleaned/data_docs/manrs_measurement_framework.md,cleaned,.md,15043,550,False,55176f42e4a1e33338236e72c430323306a5ac2fda46af72c88d1ac2dedca53c,scripts/parse_documents.py
cleaned/data_docs/manrs_netops_actions.md,cleaned,.md,21051,55,False,c4f59f48e5d3797cdfba32fe71302406fafd1ac99e94ab26492e587e8c076f74,scripts/parse_documents.py
cleaned/data_docs/manrs_observatory_faq.md,cleaned,.md,5413,383,False,94d409c9702ec6ce5cd1b3fd88211ee99e74c5faa954f652b6077117d7cf0640,scripts/parse_documents.py
cleaned/data_docs/peeringdb_api_docs.md,cleaned,.md,2484774,74700,False,90cff7614e58ab5f1aa426c7954a27d31e8a9f465786c6b767f19c6ac455b2fe,scripts/parse_documents.py
cleaned/data_docs/ripe_aspa_doc.md,cleaned,.md,19598,1082,False,10580d9900b99405b1458a1491651807d479b5441f72432a9bcf7431a0eb89ab,scripts/parse_documents.py
cleaned/data_docs/ripe_ris_docs.md,cleaned,.md,1019,44,False,5f3ea95a651614bb8fd65996d6b9deb162002286c8172e7de183716f0d31d246,scripts/parse_documents.py
cleaned/data_docs/ripe_ris_raw_data.md,cleaned,.md,2675,90,False,f6aa67c224001e7fb92bbbf14ceea7faf159bd8558018326e03e32422b5a1d78,scripts/parse_documents.py
cleaned/data_docs/ripe_ris_route_collectors.md,cleaned,.md,4873,133,False,92dff69c979193743cfd1f5af899cad0597419a62698818205757f88f5ffa5eb,scripts/parse_documents.py
cleaned/data_docs/ripestat_api_docs.md,cleaned,.md,9409,340,False,56cb9195f1beac50ae542cf617476402ee7f89ecb6278ccb1379e68ec0e70912,scripts/parse_documents.py
cleaned/data_docs/routeviews_api_doc.md,cleaned,.md,40666,1527,False,9330959287b2f23395dcf9f2f2efb1ca376c776a905bdd8347ca242051e97cf5,scripts/parse_documents.py
cleaned/data_docs/routeviews_archive_index.md,cleaned,.md,8171,313,False,c0fa1b8ad84443feece30e224f4ca46e66581f051fa795d4797a848ab5dcf803,scripts/parse_documents.py
cleaned/notes/context_summary.md,cleaned,.md,1835,58,False,32344945ab0d2c97b4a452cd8ffc306daa74baa54641f1b4b4e98b0fda5382a2,scripts/parse_documents.py
cleaned/papers/ap2vec_2022.md,cleaned,.md,2211,58,False,6f99fa2a843527ee1c7934f3c5456b3c63d67db7d623639ccddcaf62072e52bd,scripts/parse_documents.py
cleaned/papers/artemis_2018.md,cleaned,.md,101978,1892,False,f6390c0915754f61a9042ba40c25603933879ece05b4efd397e3d8d7bf175d89,scripts/parse_documents.py
cleaned/papers/aswatch_2015.md,cleaned,.md,13669,289,False,4f4b0b6fec2b93d7feaa2c922e95c6e1fd9a25af2b3b4a0e6766df9899c80c13,scripts/parse_documents.py
cleaned/papers/beam_2024.md,cleaned,.md,93208,0,True,9d1ed89e355b9c03750bd724e7da0d8630dc5a687b4ed34f78c8d1fb2360052a,scripts/parse_documents.py
cleaned/papers/bear_2025.md,cleaned,.md,52088,868,False,c8af90d096b5b09af30f0c4171f3f3686280670d073c9d0641dd6bde412316fd,scripts/parse_documents.py
cleaned/papers/bgp2vec_2020.md,cleaned,.md,33366,528,False,4e30711b536f6e1ebc0fc9381f36ebeb15c2c686e24c14a9e1d96de28bfb719d,scripts/parse_documents.py
cleaned/papers/bgpshield_2025.md,cleaned,.md,90122,0,True,11f5a3ef7145850a52b08d19f4dae4d881267b6be01b29272abee57dc14c0f3f,scripts/parse_documents.py
cleaned/papers/bursty_announcements_2019.md,cleaned,.md,89766,1717,False,8d204fd9d583cc35a25adf802589bc2df6077bc7cb2f256f6c332cdc8c48a20d,scripts/parse_documents.py
cleaned/papers/cair_2016.md,cleaned,.md,70740,1500,False,11b1057ae135c6371acd6b93aa7cbb7f91cf86a56ce7cb450a981ac97978074a,scripts/parse_documents.py
cleaned/papers/global_bgp_attacks_2024.md,cleaned,.md,49517,873,False,46326cad78e9e9a91b63afeee44ac99a706167454fa6c7a44a46231f5e4ffd0e,scripts/parse_documents.py
cleaned/papers/oscilloscope_2023.md,cleaned,.md,101236,1796,False,4d3dd2770f8da7662b22a382574e150ccab55c1e1c2382c10e0399588edbd99f,scripts/parse_documents.py
cleaned/papers/peerlock_2020.md,cleaned,.md,76502,1309,False,77464b57249aee483fdcfce0f8df7ebd3edf17086544edc0509509622027978d,scripts/parse_documents.py
cleaned/papers/practical_defenses_2007.md,cleaned,.md,2523,132,False,5706d41adcfc8b68f7f45d74d0b75b8eb49166e4476d2fb9f598ea70d03d97d5,scripts/parse_documents.py
cleaned/standards/rfc2622.md,cleaned,.md,120314,3495,False,8c4d98ea9b33e52429e862b09e763f61f8081e4d2f359d7c8e7318de469075cc,scripts/parse_documents.py
cleaned/standards/rfc3912.md,cleaned,.md,6980,186,False,03ef7a91cd5d81fff0f8a5f8bcbdfdbb511a600afe09148ff989f005ee04ab08,scripts/parse_documents.py
cleaned/standards/rfc4271.md,cleaned,.md,186174,5354,False,5814b8ce17fd1eaaaf155a13bed31b920f1c7217ae3e8956c4b536703eefbdaa,scripts/parse_documents.py
cleaned/standards/rfc6480.md,cleaned,.md,55604,1208,False,5158abe44b9830548e4db6de7af75780107b106725997c00b9a7569a95ec4cf7,scripts/parse_documents.py
cleaned/standards/rfc6811.md,cleaned,.md,17611,476,False,e3a2d4601d7d8cee89a16d4350d962b28898e1c4b3f242fab37ef6bcc47e759d,scripts/parse_documents.py
cleaned/standards/rfc7908.md,cleaned,.md,21385,544,False,e8abd771067a331cd96778cf913ffe815972d43693f888379d6bc85dd4a831d3,scripts/parse_documents.py
cleaned/standards/rfc8205.md,cleaned,.md,101971,2277,False,a613b068a68ce1048ac2183cf04c94a36c003c2b125a849e41983dac45d0cab5,scripts/parse_documents.py
cleaned/standards/rfc8210.md,cleaned,.md,64893,1713,False,50e6b09a3f2069e5e5d95fa03af38030096c38fde5626c4351056f8e29871b07,scripts/parse_documents.py
cleaned/standards/rfc9082.md,cleaned,.md,40962,1008,False,87aee0f593447ef16e03be8d1e461dfbd64bd42999b8da5574b43967fb05712c,scripts/parse_documents.py
cleaned/standards/rfc9083.md,cleaned,.md,97104,3708,False,2bd6fa9b72389cef1cdea15da55676c4328f37ad72fec587fe7b9117958fca7f,scripts/parse_documents.py
cleaned/standards/rfc9234.md,cleaned,.md,25555,641,False,c68ce1c5047665c3db5356d05a62d5c49fd67dd48c3fe14f7b700cf41cc53c65,scripts/parse_documents.py
config/data_management_capabilities.yaml,config,.yaml,14838,400,False,e6824cfb6a8f77ad355dd3c6c8d600157b581083e185fb4febb563252426afd9,manual_config
config/entity_types.yaml,config,.yaml,666,19,False,a1519b35a6850df09581d1910fcc91225f51d134e1972cfd7ffaaf7587a0d702,manual_config
config/lifecycle_policy.yaml,config,.yaml,2718,77,False,489625e20f2750534a34f07c0461f0c87cb8bc279ef4b9fe766b5b768908ca23,manual_config
config/llm_candidate_enrichment.yaml,config,.yaml,794,27,False,261bfc7f0477c90fb4db69fbf92a10f3aed55214300b9c1bca2001d45d616c84,manual_config
config/quality_rules.yaml,config,.yaml,1186,70,False,7c72ed5dc6859d6f1525001a6b32391779bb2335fb49e6a07c984a8ffb78e711,manual_config
config/rag_retrieval.yaml,config,.yaml,3524,139,False,aa8cf9d40dd12f21f1c3b0e7d34f4563580967bf219ae397811c9f17200b69cf,manual_config
config/semantic_identity.yaml,config,.yaml,2316,65,False,62eb8bc53d101d07fa55ad29c323040b22aeda56f294e6370e17e84dc26dbe92,manual_config
config/semantic_quality_rules.yaml,config,.yaml,3460,120,False,471bde18cd12e10b7425da7a2f37e4cccf895ba32baad0cd41371d3b4310cc28,manual_config
config/source_types.yaml,config,.yaml,541,22,False,6c2410a69f9cf482f495d523f6fb27de88e781c144fe43967a51dddc8ff39ab4,manual_config
config/stage_acceptance_gates.yaml,config,.yaml,26553,528,False,37a1fdac5a3b00f6fb53ce3ed277a61e5cae51d61ed056d1ea91785c8b442931,manual_config
config/storage_formats.yaml,config,.yaml,1818,75,False,e3fbbe7d9d984f58e91b286a47aac34a6bac0a5d89d071e963a9c8a280675683,manual_config
config/topic_taxonomy.yaml,config,.yaml,919,63,False,b0d847bb7b6a3a4d7ebccdf83cd86ab6d65e041c20ae5e63ddcbfb6de4774387,manual_config
datasets/.gitkeep,datasets,none,0,0,False,e3b0c44298fc1c149afbf4c8996fb92427ae41e4649b934ca495991b7852b855,unknown
datasets/authoritative_source_requirements.csv,datasets,.csv,254,1,False,3084c5871c7fbfe991fa6973835d0cd13d3b50e3a52e89ff9a73d9db42010f66,scripts/build_authoritative_source_requirements.py
datasets/authoritative_source_requirements.jsonl,datasets,.jsonl,0,0,False,e3b0c44298fc1c149afbf4c8996fb92427ae41e4649b934ca495991b7852b855,scripts/build_authoritative_source_requirements.py
datasets/case_observations.csv,datasets,.csv,60633,149,False,9bf01bb7f7529cc249bb81b32a6f17b8c6d5341c083f89a5f866e8fdcff828bb,scripts/extract_case_observations.py
datasets/case_observations.jsonl,datasets,.jsonl,77096,148,False,5cc6d64547180a7167d01ecb11a2501f9ac43dff2e0ea0940d44d2894cd34be0,scripts/extract_case_observations.py
datasets/chunk_enrichment_candidates.jsonl,datasets,.jsonl,19058,25,False,d3feb68584ef0d88a9602bdb6242933cb2cba6f6fd65e7b4e8e5d8599beba260,scripts/build_llm_candidate_enrichment.py
datasets/deepseek_rag_answer_eval_results.jsonl,datasets,.jsonl,21192,20,False,de3c3305699222453ba7c967b49466b552d300d2375641bcbe38845a9e3446b9,scripts/run_deepseek_rag_answer_eval.py
datasets/entity_link_candidates.jsonl,datasets,.jsonl,8747,25,False,6c40860ea3fcc7935482ee16241c1fb1af25bab6aa1b9e84d23c7eb2b1b9e058,scripts/build_llm_candidate_enrichment.py
datasets/entity_review_packets.csv,datasets,.csv,154002,113,False,11eddbe463b99ab0305ad8f558f865759330f6620abdfc24a27e073f55aade80,scripts/build_entity_review_packets.py
datasets/entity_review_packets.jsonl,datasets,.jsonl,289750,112,False,d6f5af8458d7a901f834e3799f6e87385d1e67d32d81b4ef521dee8f973e8629,scripts/build_entity_review_packets.py
datasets/entity_review_queue.csv,datasets,.csv,1533,6,False,1ad4529c5a30c4bec15471342582de3b13c4c2bb1d982f54eba74fb89a9479cf,scripts/build_entity_review_queue.py
datasets/entity_review_queue.jsonl,datasets,.jsonl,2532,5,False,854c1ef96f476631eee70ff1ea0f0387507df93c092b6be22483110b01722afd,scripts/build_entity_review_queue.py
datasets/entity_source_evidence.csv,datasets,.csv,128647,247,False,1466b7acdea9662232ae36ef89932662f66a4da43df6190c06b9675ae200dcd1,scripts/build_entity_source_evidence.py
datasets/entity_source_evidence.jsonl,datasets,.jsonl,203960,246,False,fdbc760f3bd039ec281a6ef70d193213cacc506bda52e0d267a810e964517ff2,scripts/build_entity_source_evidence.py
datasets/glossary.csv,datasets,.csv,30538,113,False,24beb4e37f18ebde94b533681a8cc6af9fedae5f67eb868fbff326a8b96171f4,scripts/build_glossary.py
datasets/glossary.jsonl,datasets,.jsonl,49219,112,False,96b3123b3e8829de29de82cc8e42fe034828bc7ed11d3c7896eedfb43f857900,scripts/build_glossary.py
datasets/human_review_decision_apply_preview.csv,datasets,.csv,20906,111,False,0f78cb722ccd12f633d5099ea9d4fad54abb498f4647d68a1aa4936916e24687,scripts/apply_human_review_decisions.py
datasets/human_review_decision_apply_preview.jsonl,datasets,.jsonl,44303,110,False,0f40538fb10a0f0b7c0de7664f4248efbee739db80bbe51ddf670c0769c2f2dd,scripts/apply_human_review_decisions.py
datasets/human_review_decision_audit.csv,datasets,.csv,52739,113,False,712d5cb9964174f0db8dfd2389f3e7b4293d2a999a5ef9b45f789d1ec7d0a04c,scripts/build_human_review_decision_audit.py
datasets/human_review_decision_audit.jsonl,datasets,.jsonl,93690,112,False,7fdf0d9234d44d114cc320c7500e3bf7a96e7cbe8bf220e1eb71fd0a6a02d64d,scripts/build_human_review_decision_audit.py
datasets/human_review_evidence_extracts.csv,datasets,.csv,732251,673,False,06fd7dae4dae2a39760b05cc405b860e55d54bddad240746cd310778eafd7fd0,scripts/build_human_review_evidence_extracts.py
datasets/human_review_evidence_extracts.jsonl,datasets,.jsonl,992173,672,False,7f3ccd2819801a1f3cbebb9ea636349a71a4d5e4d87a668a664dca305d6e43fd,scripts/build_human_review_evidence_extracts.py
datasets/human_review_field_checklist.csv,datasets,.csv,436136,835,False,6cf1c94843b9f5b8a6138a93910e19f869f14e9f83747cc799a8172e95055ff8,scripts/build_human_review_field_checklist.py
datasets/human_review_field_checklist.jsonl,datasets,.jsonl,736974,834,False,dfd1b116e42f8a46fbf34bd61f2de2cff9ab01d42192f88d19cc9641b39af674,scripts/build_human_review_field_checklist.py
datasets/human_review_handoff.csv,datasets,.csv,17903,26,False,21d062e774a20c91d38e84d3b0307f17084aed35ad1d4640d450af6efef0ac07,scripts/build_human_review_handoff.py
datasets/human_review_handoff.jsonl,datasets,.jsonl,27076,25,False,9fb4b4f9b48a31bee7f06298d5bd51fcc26d5639152c542b1251c9435da9e5cd,scripts/build_human_review_handoff.py
datasets/human_review_input_validation.csv,datasets,.csv,5354,9,False,1f3d50312186d4b1687430c44fb7e8fe4e4869be45b3397e0dfa601bec8ec955,unknown
datasets/human_review_input_validation.jsonl,datasets,.jsonl,7591,8,False,08889a70783fc9251a3e73acddbfb6268e2bc77bb1f849c9ac41f74e6568b31b,unknown
datasets/human_review_progress.csv,datasets,.csv,4017,15,False,db32dd271ad6075a4f9f679ea0c73fb8a7390aaa20fe52d38d17afade2e75aa9,scripts/build_human_review_progress.py
datasets/human_review_progress.jsonl,datasets,.jsonl,10021,14,False,64991623d1b409bae65c9713cc2cbbb434fadd283abadcf95ff320970751e4f7,scripts/build_human_review_progress.py
datasets/human_review_session_queue.csv,datasets,.csv,76981,113,False,19923569e492a06f8695d02d504a4df12c8032106d618ddc72ccacb1019846d7,scripts/build_human_review_session_queue.py
datasets/human_review_session_queue.jsonl,datasets,.jsonl,133933,112,False,ba566fd332a3a1caca87aa72b678e598c5997fd4e78b220170d6b02edbb7da0d,scripts/build_human_review_session_queue.py
datasets/human_review_session_status.csv,datasets,.csv,2763,13,False,b5db61948b272f7ce121be8c6cd71d5541790dcb8ce81938cf6b9b012d1cab62,scripts/build_human_review_session_status.py
datasets/human_review_session_status.jsonl,datasets,.jsonl,8064,12,False,948a6a0221a535c1bcea832506f231cdec1156b07fd55528b73d93451d6cc5ea,scripts/build_human_review_session_status.py
datasets/human_review_source_matrix.csv,datasets,.csv,23912,32,False,9bfc96e117b894d9d11380378f50580ddd2adfd7cd89710eac073b2c6a22e6ac,scripts/build_human_review_source_matrix.py
datasets/human_review_source_matrix.jsonl,datasets,.jsonl,40142,31,False,ba86f3d11d065ac94b8f7e214ee2a10f265d6a9571f394c945f0c2742c685a4d,scripts/build_human_review_source_matrix.py
datasets/human_review_task_board.csv,datasets,.csv,13885,26,False,81f3e7afbb73ba34343d6ffb5509bbaac639afc820c4121875baab303ec3a774,scripts/build_human_review_task_board.py
datasets/human_review_task_board.jsonl,datasets,.jsonl,21226,25,False,9be53f87f7d6dba6acfb3fc87051ddc49be40b1d10487e39e34d89459d14bcad,scripts/build_human_review_task_board.py
datasets/human_review_workbook.csv,datasets,.csv,104011,113,False,ff9262accb005b1218b512b2c8f55cd17da25af0129efd0543717f9026859e98,scripts/build_human_review_workbook.py
datasets/human_review_workbook.jsonl,datasets,.jsonl,155635,112,False,1edb8705049668b38de13dff6a10cb125c604b4412fa24a32f1c30b8d0534ff7,scripts/build_human_review_workbook.py
datasets/hybrid_retrieval_eval_questions.jsonl,datasets,.jsonl,5177,20,False,bbdc37697ac3982d69504a69bcda777eb618e7e4e4df237e2834f948897366a8,manual_eval_dataset
datasets/hybrid_retrieval_eval_results.jsonl,datasets,.jsonl,23285,20,False,467a985c8e38c398bc6bc7760675e0bbc150d1b81daaf52cdc40351a7faeb2a3,scripts/run_hybrid_retrieval_eval.py
datasets/lifecycle_inventory.jsonl,datasets,.jsonl,99630,112,False,e8144f0e8c3a01145717b44ba591aa9bdf78c11a2ed9819456704302b5166884,scripts/build_lifecycle_report.py
datasets/next_action_queue.csv,datasets,.csv,49703,115,False,a67fbf757a3e226c6ab1f43a02764a3dd3f4196834df59e7bf52da0db3209599,scripts/build_next_action_queue.py
datasets/next_action_queue.jsonl,datasets,.jsonl,84437,114,False,d204f9134a4e9748095d425d41e1254501a273b174ad0d330677f6e3a5e00777,scripts/build_next_action_queue.py
datasets/rag_answer_eval_questions.jsonl,datasets,.jsonl,5836,20,False,047e989a13ed553345604c407a5101f2215619d2443d0c316238ffd7fc95c16f,manual_eval_dataset
datasets/rag_answer_eval_results.jsonl,datasets,.jsonl,18736,20,False,e10b0459096785ea69c63e300c1d9fb5e3733ee359fdbc7f16fea1891b3ef2db,scripts/run_rag_answer_eval.py
datasets/rag_answer_smoke_test_results.jsonl,datasets,.jsonl,3134,3,False,0199aad895c92daa5a28835f1ba7ede28a9830d837168c3c3440637248660bd0,scripts/run_rag_answer_smoke_test.py
datasets/rag_query_eval.jsonl,datasets,.jsonl,2170,6,False,d8061e3f54b740741c8dad2703f4a828e3ac0f4d55528afb046901517bf8d5b4,scripts/build_rag_readiness_report.py
datasets/semantic_quality_findings.jsonl,datasets,.jsonl,9912,16,False,6906475213f539f429df628dae279d36dce051ffb9feb143d402b8adcf260b49,scripts/build_semantic_quality_report.py
datasets/source_gap_queue.csv,datasets,.csv,183,1,False,ccb407a7ed634c3b0e6ce0fc6d5f6873af016c32836f1ec1798b73540a463cb7,scripts/build_source_gap_queue.py
datasets/source_gap_queue.jsonl,datasets,.jsonl,0,0,False,e3b0c44298fc1c149afbf4c8996fb92427ae41e4649b934ca495991b7852b855,scripts/build_source_gap_queue.py
datasets/source_processing_status.csv,datasets,.csv,6804,55,False,a8e52c4921e24d13d120a92adb4d16e87581382bd4a31c9728c0e394fff2ae78,scripts/build_source_processing_status.py
datasets/source_processing_status.jsonl,datasets,.jsonl,17251,54,False,a1612639a69e8ec18705989e654a09db23c9f8b2746d9d7be49e09a85ff3edd8,scripts/build_source_processing_status.py
datasets/stage_acceptance_results.jsonl,datasets,.jsonl,23956,42,False,7baaba754ca1621ec5d53b05305bb8c65daf6fa07124c050a2bbe6b95d772da4,unknown
entities/anomaly_types.jsonl,entities,.jsonl,7539,8,False,976c1ac392d25619540e093f2500c8f3876f80b0b08ee8af8d5b6742e7c90393,manual_seed
entities/bgp_concepts.jsonl,entities,.jsonl,16212,31,False,b25c11a89191fc378192cfed60604371d0fd8b1e0bb9a5c98e4fd66357fdfc4f,manual_seed
entities/cases.jsonl,entities,.jsonl,2855,5,False,541358ec0667b53060d991a4e622f8f9708ec3675892c861b40cd92cdaff521b,manual_seed
entities/data_fields.jsonl,entities,.jsonl,21063,32,False,7f370e9c1d6978699bbe10f9dcde409043eb868d6c8b338449634f548a4171c7,manual_seed
entities/data_sources.jsonl,entities,.jsonl,8795,9,False,c3736ad4451015f3c046d2ebcc87926895e217d7d0411f5ca94be72b72e52dd7,manual_seed
entities/evidence_templates.jsonl,entities,.jsonl,4602,8,False,61d3c2e5163480584957aa3d096f808df3f23e760963ae2496ed0c8fd467134c,manual_seed
entities/false_positive_patterns.jsonl,entities,.jsonl,2030,4,False,bb97ec94f957aa2bd5fe6351d1f3e4427d8226681e5196fddfccc1293d941483,manual_seed
entities/papers.jsonl,entities,.jsonl,2502,3,False,2f4f27ea93d5e62a25398132342d1284e0598e60b04e6f1e871fb2ad26b21104,manual_seed
entities/routing_mechanisms.jsonl,entities,.jsonl,8058,12,False,a4372e64e7e4ea3507d88010eb731725ae706baa283605c58e285c4b0cc2e4cf,manual_seed
inventory/sources.csv,inventory,.csv,16072,55,False,b77ef00437a10eff5b0e8e8b30d6312d4fc3782a9198d929e25ca454f8b0dd75,manual_config
parsed/cases/aws_route53_crypto_hijack_2018.json,parsed,.json,12653,13,False,3291431935b46185e30019ac40ea58be35c3b07e5a30e584f16bcfa26d5407a2,scripts/parse_documents.py
parsed/cases/cert_eu_china_telecom_route_leak_2019.json,parsed,.json,5948,13,False,28863476218b11fac47c91a875aef8460d23bb26e12948acc43248af4b3bcfd1,scripts/parse_documents.py
parsed/cases/china_telecom_europe_route_leak_2019.json,parsed,.json,12133,13,False,0d24b35050dfc1a699651885753d398f551f52a179008994312d894309622164,scripts/parse_documents.py
parsed/cases/cloudflare_outage_2026.json,parsed,.json,22521,13,False,6febabb1680b7aee3d7bc37da3b8b6a9e0a3a23a680f75894402a1fdbf65f406,scripts/parse_documents.py
parsed/cases/cloudflare_verizon_route_leak_2019.json,parsed,.json,12157,13,False,5c9cfe9ee704324543f83a222185b67c82d6bb545eab32c61668b31ffa3c5c1e,scripts/parse_documents.py
parsed/cases/facebook_outage_cloudflare_2021.json,parsed,.json,13827,13,False,2d2ec155d66c164a8d8cefa67a995be64af138e45a7c5eea9e79c4a61753980d,scripts/parse_documents.py
parsed/cases/facebook_outage_meta_2021.json,parsed,.json,5909,13,False,a509ad87ef9cf8ce901270aaa163088572777359bb92adb5ffad8ada1b60a425,scripts/parse_documents.py
parsed/cases/fastly_rpki_hijack_2024.json,parsed,.json,13099,13,False,e2bd15f3e7aacfbcbbfc9ef9a8375457d3889ca1cc75ba28620b3ffd13533d80,scripts/parse_documents.py
parsed/cases/indosat_route_leak_2014.json,parsed,.json,10073,13,False,8441d6b1a0baa7b8faf78486053ffa8081e24795a45fa603d2b446997a807481,scripts/parse_documents.py
parsed/cases/mainone_google_cloudflare_route_leak_2018.json,parsed,.json,10449,13,False,93def2f9c5955220cc7db6bb514a1a3f3a83419c4d1c9a169a959370e97fcd55,scripts/parse_documents.py
parsed/cases/manrs_bgp_2020_review.json,parsed,.json,15028,13,False,cf6e4d7d6355a9015c18b2d4d912c274dc3bba9d23e4e71012d666c4eb59248a,scripts/parse_documents.py
parsed/cases/manrs_regional_bgp_incidents_2020.json,parsed,.json,10133,13,False,ce7a021db92081bc45af31e8d3ee37be3a16ce527717db7aeba6e82b140c31b8,scripts/parse_documents.py
parsed/cases/youtube_hijack_google_2008.json,parsed,.json,5665,13,False,2761533c34eb129ad685f70640938661dbc375aea6c45ef652e493d4f9a1da64,scripts/parse_documents.py
parsed/data_docs/arin_aspa_doc.json,parsed,.json,8573,13,False,e42781a0efe5f7a96ff386cf3c05afb6900bfec797e977b0a44375edac785955,scripts/parse_documents.py
parsed/data_docs/bgpstream_docs.json,parsed,.json,1976,13,False,803023ac1bcb6b1d98f33a22125b7ef4a12ba1ba75fcd84ad4b2c023b8e59d1a,scripts/parse_documents.py
parsed/data_docs/bgpstream_tutorials.json,parsed,.json,2060,13,False,cada5f7690781a13a26e132418bcf0a60033b749ed40fb955958cf444ae0c5d2,scripts/parse_documents.py
parsed/data_docs/caida_as_relationships.json,parsed,.json,24278,13,False,f741112726b4f5d4bac3f3c483b76bc7b70914d61dd3ef6ca23a91a84f26fd0a,scripts/parse_documents.py
parsed/data_docs/caida_asrank_api.json,parsed,.json,14817,13,False,56c5ab03428de357bca7eae4d3352c0238a0d81a689ee7bd2083fb26b616af4a,scripts/parse_documents.py
parsed/data_docs/manrs_measurement_framework.json,parsed,.json,15871,13,False,da6af9296c2368377a0c8b821290ac6e625f9b0fca4b8fed564c52e954028c0f,scripts/parse_documents.py
parsed/data_docs/manrs_netops_actions.json,parsed,.json,22036,53,False,966046d28936d7087d07ade3a8b505c929201b4bee1078aec278919c82aa0965,scripts/parse_documents.py
parsed/data_docs/manrs_observatory_faq.json,parsed,.json,6062,13,False,1d6f281140e079d7ab743dcda16e9845c31a11e4c1b1a1817114f488a316f016,scripts/parse_documents.py
parsed/data_docs/peeringdb_api_docs.json,parsed,.json,2578742,23,False,fe5007bcffb7639950d4cfaa99e74c1c8a7ffd84d64106aefed650d03fc671b0,scripts/parse_documents.py
parsed/data_docs/ripe_aspa_doc.json,parsed,.json,20987,13,False,c79bd83c920eba42649695c8cae0faad6108abdc33ee481c0f40c14ba555dc7c,scripts/parse_documents.py
parsed/data_docs/ripe_ris_docs.json,parsed,.json,1329,13,False,2909f04030b9d698aa28d419c632c7bbf6e613a81bbc896dc375a252c8612d51,scripts/parse_documents.py
parsed/data_docs/ripe_ris_raw_data.json,parsed,.json,3055,13,False,ad5f0dabbfa8c40a7aeec5d65229eefd93187a9dc1d17b35cd00abb447800b11,scripts/parse_documents.py
parsed/data_docs/ripe_ris_route_collectors.json,parsed,.json,5292,13,False,5be5d0a7777131c8271b2ba78ca9955bc8c733d947ed51505fd62b380a167f0d,scripts/parse_documents.py
parsed/data_docs/ripestat_api_docs.json,parsed,.json,10097,13,False,dbb4fa7d9c71d9c8bd9ec0836e37b7dc1e0ffd58e315cde9698b54d709e19593,scripts/parse_documents.py
parsed/data_docs/routeviews_api_doc.json,parsed,.json,44322,13,False,a55f34f515c92c12442ca36b93bc925a3429f6ce5949fcbf6e2aebabc34bbf47,scripts/parse_documents.py
parsed/data_docs/routeviews_archive_index.json,parsed,.json,8758,13,False,f2c31daabe00da11a4e64daa6e85d331b52d60457106dad305a8b1aef961240e,scripts/parse_documents.py
parsed/papers/ap2vec_2022.json,parsed,.json,2566,13,False,1a26a023f3b0b1b1b1dd9641dbc2e2574aa92f86a3215629e60a8cb59db95f97,scripts/parse_documents.py
parsed/papers/artemis_2018.json,parsed,.json,105396,88,False,0d6261908fc4c46f4804f52e0761b2816c61ace2f8d761ed937e8a3acbe8f36e,scripts/parse_documents.py
parsed/papers/aswatch_2015.json,parsed,.json,14302,13,False,8c7ac723bba75065833388a9ac319deeeffba0602f3dfb38d7967cc0abf574ba,scripts/parse_documents.py
parsed/papers/beam_2024.json,parsed,.json,97820,103,False,3105302ef396e90b08dcf67bbf1fa98a595c3ed5081c6e7ab01d71ad2b74fc66,scripts/parse_documents.py
parsed/papers/bear_2025.json,parsed,.json,53948,58,False,ee9b0b62806d4d501fbb93eb0641533175296289cb124b5f2c29132f9ba8d827,scripts/parse_documents.py
parsed/papers/bgp2vec_2020.json,parsed,.json,34634,43,False,dcba0f99e6837c3bfeef11350a355008c0bd4d620028eaa653c65e98eabdab7e,scripts/parse_documents.py
parsed/papers/bgpshield_2025.json,parsed,.json,93561,98,False,db7edb01523b10f6b7fc1f50b750290cc7421eee010fa45bca975ed56cd0efdb,scripts/parse_documents.py
parsed/papers/bursty_announcements_2019.json,parsed,.json,93035,88,False,149deac9acedeac81c9bea71fbc4c55d1009719c0a390469bf543e648d71f91d,scripts/parse_documents.py
parsed/papers/cair_2016.json,parsed,.json,73585,78,False,bc5f4d99437ecccd4f80b53d4d87335f1150df1cec56ab62973f9c18eb72eb2d,scripts/parse_documents.py
parsed/papers/global_bgp_attacks_2024.json,parsed,.json,51410,58,False,ba0401ca6f4722c3fe6d9170b3e08e765716bacd3a7330bcfb1aab26dad9c5ef,scripts/parse_documents.py
parsed/papers/oscilloscope_2023.json,parsed,.json,104920,108,False,42724e5930f0b4ba7e83996406d606f0ff8f46a7075c50b06cf1165fd1b0c23e,scripts/parse_documents.py
parsed/papers/peerlock_2020.json,parsed,.json,79385,88,False,b53cf6d1aa195db49179cbe9a310fa5046a48ed6c8dcc0cdc6931b6963e196bd,scripts/parse_documents.py
parsed/papers/practical_defenses_2007.json,parsed,.json,2987,13,False,83ebf0f8b5d4371eae6435a6d6d406f1b84e67ca98362cffb7204ce3ec482540,scripts/parse_documents.py
parsed/standards/rfc2622.json,parsed,.json,125018,198,False,eaea06d8ce5cc73ea3fb246bd531252b3abf3f8627adb02ddf3e3427dc70abeb,scripts/parse_documents.py
parsed/standards/rfc3912.json,parsed,.json,6785,48,False,27085fd477afe96897926dfe4754e92569b93c9d294d16f709adba00f99f672e,scripts/parse_documents.py
parsed/standards/rfc4271.json,parsed,.json,191442,423,False,5d52c791c6138c616db4e5ca19d5b82a28d331edd4c072ba53ac98ed8204e4df,scripts/parse_documents.py
parsed/standards/rfc6480.json,parsed,.json,55279,213,False,dc3812a1353675c27dffd141a009311112c233aad3a86840ffff205b57392bcf,scripts/parse_documents.py
parsed/standards/rfc6811.json,parsed,.json,16256,83,False,19f6ea323e8c71c5ddb58b8d4810e0c1a46c325646efebc82343afe1f7b7cc71,scripts/parse_documents.py
parsed/standards/rfc7908.json,parsed,.json,20173,93,False,03edbb457ab0a267bd24f7d688da19ef1ffb771cc354e3f150b56d06323a5416,scripts/parse_documents.py
parsed/standards/rfc8205.json,parsed,.json,103545,278,False,657328ad95c4135e2af8d45cf7ab6e3647b18abc69c3f56a65458d46b0f40f82,scripts/parse_documents.py
parsed/standards/rfc8210.json,parsed,.json,64954,218,False,919d8d7d6ddca0dfb6b474a10883c76e2b693f146fc96f097a54c9c0c7fed67c,scripts/parse_documents.py
parsed/standards/rfc9082.json,parsed,.json,41558,153,False,3d1bea349b1338a07d13310e926a89a48f9acae50099f995b60984c58f551752,scripts/parse_documents.py
parsed/standards/rfc9083.json,parsed,.json,105134,283,False,5e8c306396cbe1965b6b98e09ed25432360d82dbb3073c8e5346182c2d5c3496,scripts/parse_documents.py
parsed/standards/rfc9234.json,parsed,.json,25238,138,False,ad5fea9b6ca8b0e2605932cf158d5cc53adba737d4fe72209edf7bda442401a3,scripts/parse_documents.py
published/README.md,published,.md,2601,51,False,1984fc69589cc28e7335ca72ffa98888b5ae06b601acb7446c3ca51766d01b26,scripts/build_published_knowledge_base.py
published/bge_m3_embedding_manifest.json,published,.json,491,18,False,9a67122895cbd1a8832c568686a7614ccff9695b399c610f4e05c2fcae8845b3,scripts/build_bge_m3_index.py
published/bge_m3_vector_index.jsonl,published,.jsonl,55186992,2269,False,0999b433fc6e3d996528c4aebe268ccd1c91dc83472c23e81f636e5b89b254bf,scripts/build_bge_m3_index.py
published/bgp_knowledge_base.sqlite,published,.sqlite,12963840,0,True,c1c3c40eb3426d8247dd2e9b2b63b865d107f3893e6162ee188a0c9cb840d777,scripts/build_sqlite_knowledge_base.py
published/chunk_catalog.jsonl,published,.jsonl,1438186,2037,False,1ec50fc89aa37c514db707dd955cf0b7afb0baeaaaff13798e1ac7ad7fcb37b3,scripts/build_published_knowledge_base.py
published/data_dictionary.json,published,.json,102576,3705,False,96d3534b8f6c8b8dcdc6c7033feb0c813ca23a2f2509662cd733f650a2a1147c,scripts/build_data_dictionary.py
published/embedding_manifest.json,published,.json,401,13,False,c1ea564ec79d6372565a1747569cdd0c9ce64629ea1b4d42b925d6402ab9d4bb,scripts/build_rag_indexes.py
published/entity_catalog.jsonl,published,.jsonl,121250,112,False,701aaf52394f017b2671971d8391ad1c438b12d850d9bb214c18678d93f3e12a,scripts/build_published_knowledge_base.py
published/integrity_summary.json,published,.json,8950,338,False,0011ff5f3302ce8f7b2c13e8c8fe8f8468100e5d992938aafa33f46244ecb8a6,scripts/build_published_integrity_report.py
published/jsonld_context.json,published,.json,842,29,False,8a204624e9116c8d2f3845866086d8b38879e4d528cb6b2409798e9d42900eb5,scripts/build_semantic_identity.py
published/lexical_index.json,published,.json,452779,16284,False,ad01c33f43f8f6fd9c143d6ed7b4568018949b8c6337308d33d1dcac0d44818f,scripts/build_published_knowledge_base.py
published/manifest.json,published,.json,2066,70,False,7d329d7f80f9b1204af122b3c96f533d605f8595eec934fb5ed99cfef998a2bc,scripts/build_published_knowledge_base.py
published/rag_mock_vector_index.jsonl,published,.jsonl,1359605,2037,False,308434ed098ce9e6bacf77e4b1d3686e68b742d5f3807810c4a30554f9b360bb,scripts/build_rag_indexes.py
published/rag_retrieval_index.json,published,.json,622,25,False,42b63174d08113dfbf7acc8b40f72af1e2c9f88842091773eab2d2ea4fad8210,scripts/build_rag_indexes.py
published/readiness_summary.json,published,.json,4792,168,False,c8fd6d551d2d2b6e046a708c160a90abe416537cfdf5b9ff8d683658e9ed60cd,scripts/build_readiness_report.py
published/relationship_adjacency.json,published,.json,74288,2901,False,ccf9c18add341dac2a2113ea0f717554db57cf42358e7f60a1270aee33fcf8fe,scripts/build_published_knowledge_base.py
published/semantic_id_map.jsonl,published,.jsonl,1263523,2555,False,8fa619f7a9a2cb20581769629d786d1f198b096222acf7b12b1807fc0ebc69a1,scripts/build_semantic_identity.py
published/source_catalog.jsonl,published,.jsonl,30259,54,False,b044ffa3065192f9492fbceab909986327a98abac6b00ad613453c4cf136c1b9,scripts/build_published_knowledge_base.py
published/sqlite_schema.sql,published,.sql,16754,491,False,d896939c0b139dfa7bf10a1bcc29c618b50aaf6bd5f17ba609c0ffbcf6276dfc,scripts/build_sqlite_knowledge_base.py
raw/cases/aws_route53_crypto_hijack_2018.html,raw,.html,323876,155,False,ef1a489267c2067d3034ad45242a8ee37c8bbcf753957528e7d5e60d1023c48f,manual_or_collected_source
raw/cases/cert_eu_china_telecom_route_leak_2019.pdf,raw,.pdf,77056,0,True,8a01ee709853c923ce3fb84f4c6f3fb8c3f2ede858803f3e4baff56cfe145b08,manual_or_collected_source
raw/cases/china_telecom_europe_route_leak_2019.html,raw,.html,161584,1945,False,df254f14be36f1eab72cf14183e2ca9923e1e279776b06fa1b22bb90264ebaf5,manual_or_collected_source
raw/cases/cloudflare_outage_2026.html,raw,.html,420015,272,False,207eac51d49142b92c33caa45472e49dfe2c22227fc0ba662299cc0d74df6450,manual_or_collected_source
raw/cases/cloudflare_verizon_route_leak_2019.html,raw,.html,329603,114,False,633e1487fa43d31bd2f1ef0ead554e7b143dfa5691e656ae3804d556ccdcd236,manual_or_collected_source
raw/cases/facebook_outage_cloudflare_2021.html,raw,.html,291376,188,False,96bdd14e0ce3b085e08ce0caac55da1c3f0205a300fa3c08f41d2bd4f7f818c2,manual_or_collected_source
raw/cases/facebook_outage_meta_2021.html,raw,.html,88320,1220,False,d32e498a27386e3c689f5582162df3b73da5ce9d62564012ee4125f5526ce4b9,manual_or_collected_source
raw/cases/fastly_rpki_hijack_2024.html,raw,.html,76612,939,False,4bf944511ee6cc5963e7d0a8cd7b5ae9fb5527e84cca600ec2cf98451517f459,manual_or_collected_source
raw/cases/indosat_route_leak_2014.html,raw,.html,162189,3001,False,157f36934c202727a32926d86d09ff70521465a9162c93788fe2b30e0f6a8605,manual_or_collected_source
raw/cases/mainone_google_cloudflare_route_leak_2018.html,raw,.html,299297,96,False,b06d4239d138b006eb7555369ffc02164cd5f71f3c6b042e8d015615def89641,manual_or_collected_source
raw/cases/manrs_bgp_2020_review.html,raw,.html,128141,162,False,fa5280b211b7694163df55e45495dda033e94c4fc8b6531c2c4b0105a27f96f5,manual_or_collected_source
raw/cases/manrs_regional_bgp_incidents_2020.html,raw,.html,114610,162,False,da6fe6107e5bf648394ce1b8a49f05781412b709d0f529305fa0aed449834584,manual_or_collected_source
raw/cases/youtube_hijack_google_2008.html,raw,.html,138421,5067,False,0635394c087ab2cbdd055247d64a4a52139d0e02a52f1cf72d16c8cc7d2eebb2,manual_or_collected_source
raw/data_docs/arin_aspa_doc.html,raw,.html,30358,573,False,6d1b2a847de936a1c796e9d3978e9dfad17771cbdc73a1bfcfdcbd7c08e0c82f,manual_or_collected_source
raw/data_docs/caida_as_relationships.html,raw,.html,52669,988,False,4c3596d102c66c4dd56f49644e9d7a739aab5f5ad39992f8624394a8aa19bafd,manual_or_collected_source
raw/data_docs/caida_asrank_api.html,raw,.html,127473,1682,False,b8f385633d7b28641050adf43965181cfca528ea964bd5f6480f81526f255d6d,manual_or_collected_source
raw/data_docs/manrs_measurement_framework.html,raw,.html,117445,146,False,c1a135ba94206b1d2c9629eb6b48f05668ddf46285ee886c7bc628e968233b17,manual_or_collected_source
raw/data_docs/manrs_netops_actions.pdf,raw,.pdf,201765,0,True,cbbce6fa4f31f6f22530d4f9f68dd9c23d1faf36b0c0a5cc486fcb217a699f72,manual_or_collected_source
raw/data_docs/manrs_observatory_faq.html,raw,.html,95960,144,False,49fe62a62436b32cf2bc618eaa470f814b204e9a2cae025eb13d8352fbbc1687,manual_or_collected_source
raw/data_docs/peeringdb_api_docs.yaml,raw,.yaml,2486433,76389,False,ff584a452ed1a14aca13fac6fca1fed61835bf0bd1d5fe432c1fdace122a86d9,manual_or_collected_source
raw/data_docs/ripe_aspa_doc.html,raw,.html,129178,2555,False,5f3ceceb49d2df705f877f5145e27152391831ba5bb93d6ca6315d25ca2535c7,manual_or_collected_source
raw/data_docs/ripe_ris_docs.html,raw,.html,5557,31,False,291e3a0174507fcddf9ce80a5ac167c5987770624d855fe8fd05f8a2dc5cddd1,manual_or_collected_source
raw/data_docs/ripe_ris_raw_data.html,raw,.html,12738,37,False,592baa4f08dd2693c3ead6ee3555dca6d1d6177ab0dcbb27ab7c99e4c5c2a945,manual_or_collected_source
raw/data_docs/ripe_ris_route_collectors.html,raw,.html,48167,31,False,0fda1ffe0a3535e57f73606d796d18f5535c4e8111df9742b3eef2fb5bd51975,manual_or_collected_source
raw/data_docs/ripestat_api_docs.html,raw,.html,72710,84,False,ac26f6842361387048f2fa32a86299d1f433eb2a730a05d577217826b1dc657c,manual_or_collected_source
raw/data_docs/routeviews_api_doc.html,raw,.html,48083,1591,False,7ea970cb18638c8583bf3966931159dc1ad888c6922a99dc93a9d727c8fe3137,manual_or_collected_source
raw/data_docs/routeviews_archive_index.html,raw,.html,14923,351,False,47827756bb4959cd5f5e40ae0bed8a51dc8faaafe48b26052c9067a067e511ad,manual_or_collected_source
raw/papers/ap2vec_2022.html,raw,.html,13541,1,False,b8b1f36adb9c08c5ff791210f3d779deecf0db992d0ed995db42a3746d610427,manual_or_collected_source
raw/papers/artemis_2018.pdf,raw,.pdf,647506,0,True,09cc9157934850a37d4bf85936b26c4ad83e520d30e90acbae8b2470479049a5,manual_or_collected_source
raw/papers/aswatch_2015.html,raw,.html,53345,862,False,31b0faca835c167867ca48cbf3d72229e52feb58791e1e362cdc6cd669295a06,manual_or_collected_source
raw/papers/beam_2024.pdf,raw,.pdf,27079398,0,True,eaad1662eaf131b9a36459826be6e06fe418497b8e53b7d8f66a432bafd3af75,manual_or_collected_source
raw/papers/bear_2025.pdf,raw,.pdf,1827454,0,True,bdc554779573978596281396f4576b3cfd419d6856d692e768057cf9f2348ffa,manual_or_collected_source
raw/papers/bgp2vec_2020.pdf,raw,.pdf,708783,0,True,cd9923712498c47268759b63fab2a39a71d7459be0f84360396a924b523d95b9,manual_or_collected_source
raw/papers/bgpshield_2025.pdf,raw,.pdf,28158847,0,True,dd84d1b16421b6e6e87298236a8e15c454f8c199cdc669cb9876a111b40e5a33,manual_or_collected_source
raw/papers/bursty_announcements_2019.pdf,raw,.pdf,11957539,0,True,c5762c0bdce9de4f9675163649bb8897c10c0bc6b284ac20d3ac4d3c4186cea6,manual_or_collected_source
raw/papers/cair_2016.pdf,raw,.pdf,1139233,0,True,f2f72854d6fb48b4b2df37aaee179b16fc008bf174d6b6a12f695b17ebf22c08,manual_or_collected_source
raw/papers/global_bgp_attacks_2024.pdf,raw,.pdf,1058717,0,True,0473e6a9717f0b37e26a9310f77391b4f1787324a20a0a5c37288b194e315fe8,manual_or_collected_source
raw/papers/oscilloscope_2023.pdf,raw,.pdf,651401,0,True,09330804e58d8982150490ce325c458c36c429d659a18f5c1f2d91471406ef53,manual_or_collected_source
raw/papers/peerlock_2020.pdf,raw,.pdf,6000638,0,True,49100459827690c4fc66d512dcebad6e9aeef92e613fc6779d175e50d0acbb13,manual_or_collected_source
raw/papers/practical_defenses_2007.html,raw,.html,32288,739,False,5626952b7b0a98354ac601dc6956c95c5e49749fd5a9486fb30599e2de9e7201,manual_or_collected_source
raw/standards/rfc2622.txt,raw,.txt,140811,3936,False,e6c45c490e3a50eed6f68be67dc7c876cabd1b96f0a29a109450adc5e4d2e63c,manual_or_collected_source
raw/standards/rfc3912.txt,raw,.txt,7770,231,False,04df3d3ebbf6dc1667889af1a5d2430cbd40bc10c66626ffb4075eb88be2698f,manual_or_collected_source
raw/standards/rfc4271.txt,raw,.txt,222702,5931,False,98b851146abcd56ecbb398dd1a818bcde2dcac6fde3d901c423d988f86eaab76,manual_or_collected_source
raw/standards/rfc6480.txt,raw,.txt,62127,1371,False,e0e23a18c0e40ed96c4a169b7323c4157230bb9b1b8906aa4871b8a713921e3e,manual_or_collected_source
raw/standards/rfc6811.txt,raw,.txt,20082,573,False,05d3b68f6750fd1c6090a9132212a31bad711e513765c47ce6f8fe10fd1e68e5,manual_or_collected_source
raw/standards/rfc7908.txt,raw,.txt,25417,630,False,6260014fab63a4eb896107ab5df3b42afb0a7c01eb7890f467e41699d3b4e445,manual_or_collected_source
raw/standards/rfc8205.txt,raw,.txt,115900,2568,False,bb190974d0d8ea1cfa523d9ec3d20c0fa32e136b555cbe29e7c14007d40847fe,manual_or_collected_source
raw/standards/rfc8210.txt,raw,.txt,78467,1998,False,f2d6905b6c27c81fbcec3767d17b13e8a076f9712868e3c759bcfbe7a4f2149b,manual_or_collected_source
raw/standards/rfc9082.txt,raw,.txt,44735,1010,False,4958eda636664295f07156ee205e7c277e933edb9b3995fa369c2a97ff9bfc0e,manual_or_collected_source
raw/standards/rfc9083.txt,raw,.txt,120665,3711,False,a21092594836495e1f37bcf6d383bf8aa2a9ad29e2efd7852a73a92915b79eb9,manual_or_collected_source
raw/standards/rfc9234.txt,raw,.txt,29154,648,False,3934af354c672133337c5ce731282f97c00587d63ec1267c824c3fb5dcb39775,manual_or_collected_source
raw/tools_docs/bgpstream_docs.html,raw,.html,14139,311,False,add472809c9ac1f0b286137fd11b960ada318e3b1ee2434247bce3f0aa49be1d,manual_or_collected_source
raw/tools_docs/bgpstream_tutorials.html,raw,.html,14723,335,False,8712582c5dbce41b49a14e5d239ce6d437858fe9c0557c2c4ec428c9350f45cb,manual_or_collected_source
relationships/relationships.jsonl,relationships,.jsonl,20534,106,False,fbd71fccc3802ab2a4d8bb3e7e8fba148b8e44f418a3551882a76d2a3b0296ca,manual_seed_or_scripts/build_relationships.py
reports/README.md,reports,.md,6254,99,False,43ef16877ccb1bf7225f23b98b16c0de37e2da3855136831ae25d776e891762b,manual_or_prior_step_report
reports/authoritative_source_requirements_report.md,reports,.md,912,29,False,6da071facc279302ff83c16c1366fc07889a3929ead8af364555a86ed5316c8d,scripts/build_authoritative_source_requirements.py
reports/bge_m3_embedding_report.md,reports,.md,476,23,False,b77ae093e7a139c9497d33ea929f63e6abd3e467ad48a332d518cd102c269c98,scripts/build_bge_m3_index.py
reports/case_observation_guides/README.md,reports,.md,3219,44,False,eef901c09700fa98d01182a005fb11575f1cfa4f2a7f1435bebc742b5f9d5a84,scripts/build_case_observation_guides.py
reports/case_observation_guides/aws_route53_crypto_hijack_2018.md,reports,.md,12568,264,False,e62c3fbe95cc23df9e297e93d1c73660232c3bbd2df9bdd98eba5297aeb09b87,scripts/build_case_observation_guides.py
reports/case_observation_guides/cert_eu_china_telecom_route_leak_2019.md,reports,.md,6203,133,False,ff6aab26ca0fd1a7556802f0402df3462b531c1a2c2377f0c4ede5e4b242db04,scripts/build_case_observation_guides.py
reports/case_observation_guides/china_telecom_europe_route_leak_2019.md,reports,.md,4104,92,False,1a0efabe38b892fd0e2bcb7818ba3fc1707478a132d598364669d2e9c0f3fe8c,scripts/build_case_observation_guides.py
reports/case_observation_guides/cloudflare_outage_2026.md,reports,.md,5809,133,False,91a9b674272e1f82e74e5c46b0a96a69ccfbdab7d928f571d8f8660748dca212,scripts/build_case_observation_guides.py
reports/case_observation_guides/cloudflare_verizon_route_leak_2019.md,reports,.md,5371,119,False,720f9f45c93d3f9659d51e05f7f735e7df9a41a8d18e5371233997478adb6c95,scripts/build_case_observation_guides.py
reports/case_observation_guides/facebook_outage_cloudflare_2021.md,reports,.md,10856,231,False,7c6b1207b812a3a08ee9150b2b2d24fbb661d0b641802d41da6e32b16a476f85,scripts/build_case_observation_guides.py
reports/case_observation_guides/facebook_outage_meta_2021.md,reports,.md,1513,43,False,439d2d216bcc696333112791a8a2df019c02fc6dbbfd1f1669974170cba74185,scripts/build_case_observation_guides.py
reports/case_observation_guides/fastly_rpki_hijack_2024.md,reports,.md,542,20,False,3b24a0d8581e359412a3e8992b24d300578532f2d484eece64d5e248801a4f0c,scripts/build_case_observation_guides.py
reports/case_observation_guides/indosat_route_leak_2014.md,reports,.md,2367,61,False,39147427f86e424da7c8e7d6853e9c5354338b7ff4cfde46bcf3b90d02c262f5,scripts/build_case_observation_guides.py
reports/case_observation_guides/mainone_google_cloudflare_route_leak_2018.md,reports,.md,6613,143,False,0337baa515fa54c9a43deb3f961af8694b0c81f3b5f98870a3d8981519068582,scripts/build_case_observation_guides.py
reports/case_observation_guides/manrs_bgp_2020_review.md,reports,.md,1940,51,False,062df85e53a4a8531fab96d0663cf0e67108074bc1a62508a79ffa80b7269c52,scripts/build_case_observation_guides.py
reports/case_observation_guides/manrs_regional_bgp_incidents_2020.md,reports,.md,4920,109,False,56dccab1e90a4f64db9465456c1a697a179d97ff2dddc8f7b23b8179c617d8b9,scripts/build_case_observation_guides.py
reports/case_observation_guides/youtube_hijack_google_2008.md,reports,.md,2400,62,False,9fca7aa49cc493f4d9b061f9c2ab4a35644c6526e021d8aceb9ae36c7c5c7c34,scripts/build_case_observation_guides.py
reports/case_observation_report.md,reports,.md,1887,45,False,f456ca7b5bf1a6aac599fcf7002230ec528ae23660e33b9558f161f3934d1bde,scripts/extract_case_observations.py
reports/coverage_report.md,reports,.md,16613,236,False,f32c757fd87eba6f885c91f6870bd291673ce33e4e1b88a5a83c853b68e17873,scripts/build_coverage_report.py
reports/data_dictionary_report.md,reports,.md,24271,151,False,8b34aa743b6d4c1d6dad4c91ffb3ba9272576cc04af0630d690bc3855285cf7c,scripts/build_data_dictionary.py
reports/data_management_report.md,reports,.md,11500,225,False,c63cef5c0c464e0fe056a28c8e0950020e55cb0a4ef701a250245721e37e9f54,manual_or_prior_step_report
reports/deepseek_rag_answer_eval_report.md,reports,.md,2806,49,False,2feb71af488b00788d300802e1b1e7a9493d534660cf253fa460d664b3028afc,scripts/run_deepseek_rag_answer_eval.py
reports/entity_review_packet_report.md,reports,.md,4421,74,False,f3268700ee69bdb00b321b366c5dd0bce34d64db768031408ad3e14d355cb43a,scripts/build_entity_review_packets.py
reports/entity_review_queue_report.md,reports,.md,523,20,False,f0cfa4e99d6d21ead3260ed7da0df345d85c2ed74dfb111161c137f596d6ccf0,scripts/build_entity_review_queue.py
reports/entity_source_evidence_report.md,reports,.md,1224,45,False,3a4040c0ed5bd51144b76b18f3aa5fb019ca638d02cd1002467f0b53ecc13af1,scripts/build_entity_source_evidence.py
reports/glossary_report.md,reports,.md,565,28,False,e0e29d5486564f7f0ca000e2683a9b7fde98d9f0f301927070182e00f51f138d,scripts/build_glossary.py
reports/human_review_decision_apply_report.md,reports,.md,991,37,False,9d75cf51314d8c8bcf0e0114275d87296ddac81555df4fc0cc982caa6b99289c,scripts/apply_human_review_decisions.py
reports/human_review_decision_audit_report.md,reports,.md,4670,106,False,dcd29cacc4abb74f1f7d2ed769010121cf919c781af414032393955ef93d6c47,scripts/build_human_review_decision_audit.py
reports/human_review_decision_template_report.md,reports,.md,898,24,False,be7654898e96b2f35d47fa26d5970fa839a711a6598daa3eefc10cdd153e1717,scripts/build_human_review_decision_template.py
reports/human_review_evidence_extracts_report.md,reports,.md,4093,63,False,a241aa4d286631b5f08f4d39e27ca2120636535dc98bcf7d9e6ea97aaddeb37a,scripts/build_human_review_evidence_extracts.py
reports/human_review_field_checklist_report.md,reports,.md,6973,94,False,70a9ca5e7b21144779c9baa06688661aaeb0e527060d90573c6480213ce07d26,scripts/build_human_review_field_checklist.py
reports/human_review_guides/01_ready_without_manual_note.md,reports,.md,28953,951,False,0486291c527c0be3a429bebb7b6c008ad7aa333e63f4845a7d7865f06338e4b7,scripts/build_human_review_guides.py
reports/human_review_guides/02_ready_with_manual_note.md,reports,.md,68960,2270,False,f984d83ef2f5d7ef33a502570e56f290fe74326819f33929a9ef57279660d736,scripts/build_human_review_guides.py
reports/human_review_guides/README.md,reports,.md,1681,41,False,8a948d7ce9e58df382bae125afe08aadb9d05cb69e96bedf6a17f236fc9e08fe,scripts/build_human_review_guides.py
reports/human_review_handoff_report.md,reports,.md,9075,59,False,1b2bcc97a38111b53c3d2c64db7cb54232677fff9d6aae77af32c079fd6c6756,scripts/build_human_review_handoff.py
reports/human_review_input_validation_report.md,reports,.md,5194,41,False,32d5579859a89eeb09cd09691b9cdec56e8b98dd0ecf6987a66b258d2ec4718c,manual_or_prior_step_report
reports/human_review_progress_report.md,reports,.md,1898,45,False,50b8ccb0ad8b0d42cf09a2c3e94b0113b4d9aa61f4bd5a11168c36f5132d49f3,scripts/build_human_review_progress.py
reports/human_review_session_decision_templates_report.md,reports,.md,2016,44,False,0c8e60cda1408bfd25d4beeb1fe542643b35848328929c227fa741b61e1abc58,scripts/build_human_review_session_decision_templates.py
reports/human_review_session_guides/README.md,reports,.md,1646,46,False,c8656081519b316657eac85919daddaa7a062f56c7d7febd556b9e664d5c581c,scripts/build_human_review_session_guides.py
reports/human_review_session_guides/review_session_001.md,reports,.md,38566,665,False,b4ee177f91c435cc58dba0fa3d005a2b86b08e1edd8138da257f86ff8d7b7327,scripts/build_human_review_session_guides.py
reports/human_review_session_guides/review_session_002.md,reports,.md,36915,653,False,b334adee3009faaae2e069a1c06c6a9353074e0726cb89b5312d49f711672c8d,scripts/build_human_review_session_guides.py
reports/human_review_session_guides/review_session_003.md,reports,.md,37337,653,False,df86aa16c2101ab09c3bab591ff9515cb6cf812b8557e19c242da96e2c1b907d,scripts/build_human_review_session_guides.py
reports/human_review_session_guides/review_session_004.md,reports,.md,34201,656,False,c238d54de2964980777236be8b7e675fb0c639d328de9dfa0307b9a64f8e945e,scripts/build_human_review_session_guides.py
reports/human_review_session_guides/review_session_005.md,reports,.md,34891,672,False,44e3ab4974724a946f67f3e1fe4c61e1ae2c50daf0d8996d24c436ec76e881bf,scripts/build_human_review_session_guides.py
reports/human_review_session_guides/review_session_006.md,reports,.md,35931,661,False,2e029c1235f08013f4ad197cd70ced2f57441fb75097d3c23fa847ce4b665cd8,scripts/build_human_review_session_guides.py
reports/human_review_session_guides/review_session_007.md,reports,.md,36901,661,False,3922b36a75deb0f46befb185714c49f781841e03629853df35da33de3ab2f699,scripts/build_human_review_session_guides.py
reports/human_review_session_guides/review_session_008.md,reports,.md,34276,667,False,0ae57cdfb065636ebb2c7f7977ccd650c3efc99d94b5e3722270917ea751ad26,scripts/build_human_review_session_guides.py
reports/human_review_session_guides/review_session_009.md,reports,.md,35166,675,False,59ba271586567f5efcdb4c345c9f2050db6d6ce61391ec9dd9faf7985e9ce404,scripts/build_human_review_session_guides.py
reports/human_review_session_guides/review_session_010.md,reports,.md,35444,660,False,c221e42ee63cf3a837ccffa5a0de0bb4ca8eeef0bf6b965edd2b6e0666fece8b,scripts/build_human_review_session_guides.py
reports/human_review_session_guides/review_session_011.md,reports,.md,33706,669,False,897f5a0592be96db9a99e9e9aef07dd0a12ace264fc6fea8e85bdbfbf06b9a4c,scripts/build_human_review_session_guides.py
reports/human_review_session_guides/review_session_012.md,reports,.md,7208,145,False,67835d614a7201fa05434b6ef9a956c452ce211e3f5f230b6ff5ab465acac069,scripts/build_human_review_session_guides.py
reports/human_review_session_queue_report.md,reports,.md,4114,62,False,9f634fece35eddc9b2dcccd612c50fd4a55aa9fa9b4eb901dcde43d69c0eae9a,scripts/build_human_review_session_queue.py
reports/human_review_session_status_report.md,reports,.md,2178,42,False,2c575e892d475fbb0293f1c8020d03b7432715ceaf363c7c27388a0ae9a96e6d,scripts/build_human_review_session_status.py
reports/human_review_source_matrix_report.md,reports,.md,5705,68,False,0e86bdbdb7ee2c081a9470bac3a835c81f96cbfb7012413fbab85a89b8a8cfc4,scripts/build_human_review_source_matrix.py
reports/human_review_task_board_report.md,reports,.md,5280,47,False,faf676f1c798a73ee2fa24aee1c37ce2592d9be6a7b836ffedc92b8a72d4291a,scripts/build_human_review_task_board.py
reports/human_review_workbook_report.md,reports,.md,4248,75,False,25fdc8aa2fa327282282a2e447ad7b12e791ebfee08bc16f5b408369ce45b317,scripts/build_human_review_workbook.py
reports/hybrid_retrieval_eval_report.md,reports,.md,2990,44,False,fa94a08588bf9c3f208bfae76fb6edc8f6a81b087f5e6fa47e9b879ec0ad1261,scripts/run_hybrid_retrieval_eval.py
reports/ingestion_report.md,reports,.md,2255,89,False,6100a09442d80d0aa4f3c1d3ff3d8a014a43f20f3e88f305fec8f44eae465166,manual_or_prior_step_report
reports/lifecycle_report.md,reports,.md,3238,96,False,80bf3100a2a54e8c1ac39f2d1cd0ef27e3297d894f7343658b75d7f0e7b25d61,scripts/build_lifecycle_report.py
reports/llm_processing_skip_report.md,reports,.md,4265,64,False,897cd711c08369f8748e3f39cb7f85e1a3ef84c69542694bf99f2c1e4c6af701,manual_or_prior_step_report
reports/low_risk_internalization_report.md,reports,.md,2608,80,False,daa7ace09fbfa4ee892360306f2348e42e3c490bd6a8253caefb74cb2984decc,manual_or_prior_step_report
reports/next_action_queue_report.md,reports,.md,6107,69,False,1e20b859155001b240db3fb80f96a825fbdd32ed207ecfdd25ac3acff8b92514,scripts/build_next_action_queue.py
reports/parse_report.md,reports,.md,4517,78,False,31f36ef2be9018838df5079b0a5958a35fe9ceb00109f573276ea2ebf110d867,scripts/parse_documents.py
reports/published_integrity_report.md,reports,.md,5318,104,False,022c1fc2eafb9579892d82388812be0a7fb741175df85995219afc98134d50e2,scripts/build_published_integrity_report.py
reports/published_knowledge_base_report.md,reports,.md,1063,41,False,03a31a0765e47fb0f4e8715b11985a01a25bb8c1ae541e251417f8bf2f3e902f,scripts/build_published_knowledge_base.py
reports/query_examples_report.md,reports,.md,47415,1124,False,d57ca4af64b3ae03f73adf1671e437bf77b9f4aa0aa3bde4dd4150c43d585265,scripts/build_query_examples.py
reports/rag_answer_eval_report.md,reports,.md,2795,49,False,349650cc8f1555946a41e55c32b23e593026a9b5f7838ca2a9fb663ffa20d5e0,scripts/run_rag_answer_eval.py
reports/rag_answer_failure_analysis_report.md,reports,.md,724,29,False,617bba349f6a0ebfc80b4613be481c6d791f403dc922bf63baebafda6c74f9c0,scripts/build_rag_answer_failure_analysis.py
reports/rag_answer_smoke_test_report.md,reports,.md,2053,53,False,0f8e8069d86654bdc4bdc914fc34abc3cde9ae5e139fd1684ab27dd3e87d6d2f,scripts/run_rag_answer_smoke_test.py
reports/rag_readiness_report.md,reports,.md,2847,70,False,1fdc4ff49090cf91c008ade52cf0ec0b928296584a0bc21482a7f4340f173dc1,scripts/build_rag_readiness_report.py
reports/raw_collection_report.csv,reports,.csv,8115,54,False,134f0a5cd96b9babb2838accc5f47a50aa2d070414fb8f1ad9e9379883aa5daa,manual_or_prior_step_report
reports/raw_collection_summary.md,reports,.md,1491,47,False,74ffaec3d8b70d5166356495d01b9baa4773e5233950f9aef8d56b9c81bccd8c,manual_or_prior_step_report
reports/readiness_report.md,reports,.md,2966,32,False,240c93ccdfd5ef7c8ef1473638baa3129b1410c3e4df5114e3ff7ffb0d89edd1,scripts/build_readiness_report.py
reports/semantic_identity_report.md,reports,.md,2708,72,False,53902e62061bc5e18bb2e96ad5baf5041c1a6a303281f36b6884dd188ac1eba5,scripts/build_semantic_identity.py
reports/semantic_quality_report.md,reports,.md,5159,74,False,c484602feee56c32d7d8239748a9fe3199320c4cefff4e22f92943602314368c,scripts/build_semantic_quality_report.py
reports/source_gap_queue_report.md,reports,.md,422,19,False,eaa16f495a62b166d3443aa3081d4ffbbf1bb4e64579e68ad1ce6cc2417d48f7,scripts/build_source_gap_queue.py
reports/source_processing_status_report.md,reports,.md,580,29,False,de4395a196f959d73cf801eda154acf7f3f1eb1d56a26f0663199b323ae80cc8,scripts/build_source_processing_status.py
reports/source_snapshots/peeringdb_api_docs_redoc_shell.html,reports,.html,1236,42,False,bba9520e4a549e6ca5742eb2863269cd68a63c19cc921f18ca54fa4cf0585a53,manual_or_prior_step_report
reports/sqlite_knowledge_base_report.md,reports,.md,1217,49,False,3a36896c992f26353dcfc3f8622bcf5e37071c94856cd08da16be08fe8bd22ef,scripts/build_sqlite_knowledge_base.py
reports/stage_acceptance_report.md,reports,.md,4050,80,False,d10eeb4177a4e591f7d59a1484edc6057774aa2b441de902954d0d0c4f8eb200,manual_or_prior_step_report
review_inputs/human_review_decisions.csv,review_inputs,.csv,14883,113,False,4023e229c60035af93da6f241df156e0b21761816361cc9bfca9e35e8ca7be12,manual_human_review_input
review_inputs/human_review_decisions_template.csv,review_inputs,.csv,69382,113,False,2666e63bc2293e1101f30ae3145ae6b65b8525d16a7198791ab3014020397f40,scripts/build_human_review_decision_template.py
review_inputs/human_review_session_decision_templates/README.md,review_inputs,.md,1827,35,False,930bc96dbe42d679cf312be195326f4e9a8037e6148df7eb2d653a8e791de2e5,scripts/build_human_review_session_decision_templates.py
review_inputs/human_review_session_decision_templates/review_session_001_decisions_template.csv,review_inputs,.csv,5279,11,False,550d538bd50b25dd22970437d97ba96514b7eab33bbfaf0a026379192c867175,scripts/build_human_review_session_decision_templates.py
review_inputs/human_review_session_decision_templates/review_session_002_decisions_template.csv,review_inputs,.csv,4643,11,False,a6065bdfd75ab9dfa9c3d3b1eaab630548092da19f7dff3d1654bc52ca070852,scripts/build_human_review_session_decision_templates.py
review_inputs/human_review_session_decision_templates/review_session_003_decisions_template.csv,review_inputs,.csv,4705,11,False,6d38cb84b9814d048ff3b1b94585546bd3672f322723952a58e921d654cb6ca5,scripts/build_human_review_session_decision_templates.py
review_inputs/human_review_session_decision_templates/review_session_004_decisions_template.csv,review_inputs,.csv,4523,11,False,7fce7636ec85c7088c882c1b21a7901cf1476fbc6095bd36e090b41d22e1ec36,scripts/build_human_review_session_decision_templates.py
review_inputs/human_review_session_decision_templates/review_session_005_decisions_template.csv,review_inputs,.csv,5000,11,False,196572f457ff5752a24add4bf681b5515b88db02b993050e4adb7908b53443cb,scripts/build_human_review_session_decision_templates.py
review_inputs/human_review_session_decision_templates/review_session_006_decisions_template.csv,review_inputs,.csv,4555,11,False,c52d439a8d7235decdb497edec6be2603fde17002c04b375d00a519aa91c238f,scripts/build_human_review_session_decision_templates.py
review_inputs/human_review_session_decision_templates/review_session_007_decisions_template.csv,review_inputs,.csv,4700,11,False,41a8d3ef86d882b77cb8e9cd4be31af29c281842eb78524855d4abc9bd7cfa95,scripts/build_human_review_session_decision_templates.py
review_inputs/human_review_session_decision_templates/review_session_008_decisions_template.csv,review_inputs,.csv,4608,11,False,98d75d78dcfa63347f076a8ded79a9b35acfb37af011b6a85bec3a9fa51bbc8b,scripts/build_human_review_session_decision_templates.py
review_inputs/human_review_session_decision_templates/review_session_009_decisions_template.csv,review_inputs,.csv,4858,11,False,f82adea72f398357a2462496404e5f7a140148485d029568f8dd7bc1a21b7bf7,scripts/build_human_review_session_decision_templates.py
review_inputs/human_review_session_decision_templates/review_session_010_decisions_template.csv,review_inputs,.csv,4527,11,False,b479df914fbb295ee2a493d13cb7031452bb9b6b386eaf325401463d028abfff,scripts/build_human_review_session_decision_templates.py
review_inputs/human_review_session_decision_templates/review_session_011_decisions_template.csv,review_inputs,.csv,5000,11,False,99d1d39c28c90b8ee14cdb4ba9f4155e4e086f6bbbf97e8ed9810ffed9e3fc2b,scripts/build_human_review_session_decision_templates.py
review_inputs/human_review_session_decision_templates/review_session_012_decisions_template.csv,review_inputs,.csv,1172,3,False,ec945d0a200cea11a9e9aea30d0a4cb85bf639f2da5f376e1eaf7d93d9d15774,scripts/build_human_review_session_decision_templates.py
schemas/anomaly_type.schema.json,schemas,.json,941,21,False,1c2229681c28e65051e281e2e65a145b4aa3bbaca4651fc902500e4fd6927054,manual_schema
schemas/artifact_manifest.schema.json,schemas,.json,614,25,False,e171f46744a31a1839a896cf15b2ae321eae9cd717129e5b93bebfe66c668def,manual_schema
schemas/authoritative_source_requirement.schema.json,schemas,.json,1391,43,False,df2ac15436a89c8f2536544ecfc6d6445b532d8583b092236a2c1de5a04eda16,manual_schema
schemas/case.schema.json,schemas,.json,724,19,False,acc3151f06f917d89a670bc1f5db4c095135328654dca989672e38981cdede02,manual_schema
schemas/case_observation.schema.json,schemas,.json,623,15,False,2abfb9f504323633248129e3830c64a5006cbc93d024107e06917e640662eee5,manual_schema
schemas/chunk.schema.json,schemas,.json,797,21,False,c18b556cf13266a7936915410d3805ccc39eaaf0af721a4814e62824c30f3b66,manual_schema
schemas/chunk_enrichment_candidate.schema.json,schemas,.json,763,29,False,fb705511651591988484a6c45c5a94e04aad9aa9058bda867ed8d8ebeb75b1b0,manual_schema
schemas/concept.schema.json,schemas,.json,750,19,False,923d4404eeb6ae3d773cde7029b8f740ed5dc6df902d5acadef2e8c701026c29,manual_schema
schemas/context_pack.schema.json,schemas,.json,582,22,False,8a862f3349c1cb0ad2fa5ba57fcd316d6ea3f02650d694011dad8be3667ed011,manual_schema
schemas/data_field.schema.json,schemas,.json,783,19,False,48830a92156880e37811811482555edcc9a86a63d27e40f0c3c0f40e8d721409,manual_schema
schemas/data_source.schema.json,schemas,.json,870,21,False,678201bc0ac6b0c6c11938abbc0b4d9cdedea47f82c1b7fceca1e2e08253ab21,manual_schema
schemas/entity_link_candidate.schema.json,schemas,.json,612,25,False,ee3a0f4152c8e67c9ab15311482ad4c65dffe0f9fcf5fa457784bb56574120f4,manual_schema
schemas/entity_review_packet.schema.json,schemas,.json,1894,57,False,83b8a82ca2ea087e42b4df4738e2db5df9419dc58d64548006db58009a0c9f75,manual_schema
schemas/entity_review_queue.schema.json,schemas,.json,1053,36,False,72bf6faf9a69c2ea92174585d497de4692190379771e28673ed31e4da292a5ee,manual_schema
schemas/entity_source_evidence.schema.json,schemas,.json,1022,34,False,c72a3c3cae11dc7ef7af8c3958acda0a77b447930d4ae1e50792549152e0aa2e,manual_schema
schemas/evidence_template.schema.json,schemas,.json,682,17,False,f45c47a7e1ccca15c141299fef7cd94de853a9fbe28e382240b5232c6099fef6,manual_schema
schemas/false_positive_pattern.schema.json,schemas,.json,656,16,False,5326b359dd523a182522689f9069e1a9e0a14745fcc0b55ea33d2b28b1b03329,manual_schema
schemas/glossary_entry.schema.json,schemas,.json,766,28,False,f6edcaa4a02123c39862612a5f121110e9b13f0c2eea56fe95ba0839c5f916d9,manual_schema
schemas/human_review_decision_apply_preview.schema.json,schemas,.json,937,32,False,9eba5369e7718f54e3247b73d2a706dda084671b40d6688f4532bc740b9a5395,manual_schema
schemas/human_review_decision_audit.schema.json,schemas,.json,1507,49,False,39ea54fe44fe934dc8992e92b68300dbbe77fed82bddbf497fa846444e4893e3,manual_schema
schemas/human_review_evidence_extract.schema.json,schemas,.json,1402,49,False,787cfce3ccf5837314d370d0176a2420f5af01e81c8215b2b6a48882bf2f9afa,manual_schema
schemas/human_review_field_checklist.schema.json,schemas,.json,1297,43,False,18ccb07e1e41236e4d2226a620816e624299b1f91a865814e9fa1ba1ec39c2d1,manual_schema
schemas/human_review_handoff.schema.json,schemas,.json,1251,41,False,478607ed53a601cd403021819ef9a05785d7b51ca2bf14e62e6997488c95781a,manual_schema
schemas/human_review_input_validation.schema.json,schemas,.json,1325,45,False,75fbd470915ff850513005f5ed9eb03c22aca7afe20dedc828be2b2e0389a554,manual_schema
schemas/human_review_progress.schema.json,schemas,.json,1627,50,False,115dff0c0fa814ceb93722bd5e54663f6be89751e7d17db61b496d8713a058e9,manual_schema
schemas/human_review_session_queue.schema.json,schemas,.json,2133,64,False,4fa7ef1c270daee71160a5426a9d201d04520bb1a11d3282832009c32dc5af6d,manual_schema
schemas/human_review_session_status.schema.json,schemas,.json,1552,45,False,cd45db636d1ac40bffae70956b6113d1eb59c133c856645f9e8abfeea184af49,manual_schema
schemas/human_review_source_matrix.schema.json,schemas,.json,1710,50,False,a5c8411e0dc668f3be5d5fa115ce4a2e495cebcb2bb4c0d807d2a103daf280e5,manual_schema
schemas/human_review_task_board.schema.json,schemas,.json,1020,36,False,13b6daabc9910e4ee956ab352f04d94f5823ab4b4ad90e8fe63115a7912fbf33,manual_schema
schemas/human_review_workbook_entry.schema.json,schemas,.json,1664,52,False,edfdf8cd6ec7a1ae116fcc02fc325af760c9ac8fa8f5dc91790284bc3d691d30,manual_schema
schemas/next_action.schema.json,schemas,.json,1232,45,False,818d90a95ac478aec2fe097d0d13318490ac7560194713605eb0085c22bab3fe,manual_schema
schemas/paper.schema.json,schemas,.json,845,20,False,e4f75f4b11a3c72f9378e752e571a2e758d34cbfdd8705e41cdf8e3963f6fc01,manual_schema
schemas/parsed_document.schema.json,schemas,.json,471,19,False,a820ade73575f21e8ba83c3eec866fde1801a277066307febec33e0884556f41,manual_schema
schemas/relationship.schema.json,schemas,.json,501,15,False,bd560932759dd124e13aba8702977fd2af1d91170653631fb4e17406ae01da05,manual_schema
schemas/retrieval_result.schema.json,schemas,.json,713,27,False,d0e42b04419b3af352f1ed79cca7587d2b8db49b29a7758554688f44617f9644,manual_schema
schemas/routing_mechanism.schema.json,schemas,.json,757,18,False,8c7748178420d64c446be8b43605e78577c28357911f88392653a804a1ae8bd9,manual_schema
schemas/source.schema.json,schemas,.json,554,16,False,e12b4677944f159796c5782fb00c62674f05f71e63b013ee43eec0165d4a218d,manual_schema
schemas/source_gap_queue.schema.json,schemas,.json,1200,46,False,0ffb6050efc246b53d6601ebfe3830c16db222731433847092f4378e42e5b956,manual_schema
schemas/source_processing_status.schema.json,schemas,.json,1042,37,False,37a2f86c8248c7b1ce7933313e9472d73ce963465a58dd46f9cdfb0bf9f36273,manual_schema
scripts/apply_human_review_decisions.py,scripts,.py,10266,277,False,158ff25343475531e556ec7300660e8880e857d756bc094328b3c5c0518fa8b2,manual_script
scripts/build_artifact_manifest.py,scripts,.py,16008,373,False,3d494bb2ac6717a918ab07930fe6f5497f516e5f0d63b10db65ef0fe6a449c4d,manual_script
scripts/build_authoritative_source_requirements.py,scripts,.py,8974,206,False,8a463cd921e863c70c24b7aa16350d9eeb383a12ffe7b9bde56029c5ee4ae889,manual_script
scripts/build_bge_m3_index.py,scripts,.py,12135,320,False,6eae15d96eddecb566f10e1067972018ce924ebdcf330a0c25ad095177d6b0b8,manual_script
scripts/build_case_observation_guides.py,scripts,.py,6515,177,False,07c163848c026be9d5edf07db9b9e496d2e426d85ced218413ee40838a3adf81,manual_script
scripts/build_chunks.py,scripts,.py,6866,200,False,c7b881bad1eb3d7a4b7f76b98738ddc87ae6599a1fcfbfb106141db0303c6c5e,manual_script
scripts/build_coverage_report.py,scripts,.py,22305,426,False,34dc0ad09d2d2380a90d231065ca06970bd7502f36e1f1953f64f0bee48d1562,manual_script
scripts/build_data_dictionary.py,scripts,.py,12788,296,False,7708afad46bcbd822fb0b90f8b8b519e4fffc97df12fd89d02a9938b9f909d7a,manual_script
scripts/build_data_management_report.py,scripts,.py,5784,177,False,77c511690dfce28dd0499ee9187dd12f002fd6b0ee8ee41543c00131da32a43f,manual_script
scripts/build_entity_review_packets.py,scripts,.py,10272,270,False,0b3b4c077e623a6661b193313b5321fc0cc9b5dcc6ddcbd8c3ced67885e6618a,manual_script
scripts/build_entity_review_queue.py,scripts,.py,5650,171,False,b27460b1a2f9823ba1ade17ccaf40df3dcc2a781d9b11e1aba1a31cee5ded433,manual_script
scripts/build_entity_source_evidence.py,scripts,.py,11124,315,False,063029cdf418ff8cffb71e58f22a8b3eed8f7a2cdd19ac523e136aa9ac872582,manual_script
scripts/build_glossary.py,scripts,.py,5149,168,False,5c5bbf136d384b527c52acaf47d2691906e12358c4ac5492534ce426c88bf601,manual_script
scripts/build_human_review_decision_audit.py,scripts,.py,11486,262,False,ab4b1db21c840985a3c5c956110e0e68377b6ba8a6b3c97db03a22d83cc0ef65,manual_script
scripts/build_human_review_decision_template.py,scripts,.py,4350,124,False,8a4bc8b2b04346bb535167cfdd60b9abedb2677f9e96d1893cd09ea242a8c6f4,manual_script
scripts/build_human_review_evidence_extracts.py,scripts,.py,9933,299,False,d70647072af7cd5b96f8784f60cf6a5ea4564d1362989ac2d3681b0363537033,manual_script
scripts/build_human_review_field_checklist.py,scripts,.py,8114,217,False,e04e3311377aa8a286d27ce601bbddf20c41b8e654c702aabe1b47a1e2a90d17,manual_script
scripts/build_human_review_guides.py,scripts,.py,5901,158,False,a9124e7d25734f00b2e81dd99d9832baa8d46e3357a16488b0866a4d15e22042,manual_script
scripts/build_human_review_handoff.py,scripts,.py,8401,220,False,ec3f8104db3146fb88d460fb4d4b39d0e62c5a7d44197a045c6db9bffb618c5a,manual_script
scripts/build_human_review_input_validation.py,scripts,.py,11650,312,False,3f40258ee9f3fd246c22497318702527cc2f9c1d54502347865dc52e960e8b08,manual_script
scripts/build_human_review_progress.py,scripts,.py,8391,211,False,45ba750b2cb861e6082c32b42ff2b09649a5ce690c39d68c1e550ab848900560,manual_script
scripts/build_human_review_session_decision_templates.py,scripts,.py,7610,190,False,bcdf3b4d11a8b79b4a864729e6f24f9587666990d7654508f5b770f4cec314df,manual_script
scripts/build_human_review_session_guides.py,scripts,.py,7185,190,False,88496e697c04a3c48dc611125504dd4ae4053e19f6df491483a4e7d674912c89,manual_script
scripts/build_human_review_session_queue.py,scripts,.py,8598,224,False,43c76f4ed3e665457420ed18d480585136e944edf5f052f75bf42d5ee3241ecb,manual_script
scripts/build_human_review_session_status.py,scripts,.py,7709,199,False,5f2339866d47ef3d84061a4e35cca6ef0be7455418d09c518bc1f0670a8c91ec,manual_script
scripts/build_human_review_source_matrix.py,scripts,.py,8342,223,False,4c6b8f9934047ffaafc9bfc20fa908d5ecb831e9289c941deeb7fdb09390a443,manual_script
scripts/build_human_review_task_board.py,scripts,.py,8846,233,False,ebb942c22cb809604e6abf5a7033a0a5c9a9afb3e1f65e6805fae4299be21107,manual_script
scripts/build_human_review_workbook.py,scripts,.py,7308,194,False,3f352f418e76552e2e8ac84c11e34326c509453bcba0947457c174fc608b9547,manual_script
scripts/build_lifecycle_report.py,scripts,.py,13971,348,False,137de20a2bd55e312f99d3a334aa0548090c16483c0044dd91313bca0db4d298,manual_script
scripts/build_llm_candidate_enrichment.py,scripts,.py,4394,117,False,3cb0ce46a9c8933ecc5e8f8976bd21bf895dfbcc48996880f28866170712044b,manual_script
scripts/build_llm_processing_skip_report.py,scripts,.py,6160,149,False,43bf3930804d4e36fa802403511cfc293e9c9bb65ac7f0f6d6b452df5c43dd4c,manual_script
scripts/build_next_action_queue.py,scripts,.py,8799,223,False,f27df123638e42a2ae2b80a5aa0548423c5db8ec960762bbf46c0e3150051070,manual_script
scripts/build_published_integrity_report.py,scripts,.py,11423,279,False,d4ac78ff2821631fed287ac792d6a7d1f2f952a736a59c36072f221878f33016,manual_script
scripts/build_published_knowledge_base.py,scripts,.py,18557,423,False,73554a338091ff08c4c8b10a6bfb8546484d942bd3b50658202c90f6d486daec,manual_script
scripts/build_query_examples.py,scripts,.py,10248,256,False,0c755bbf7143fd2391424421076452a45347eedaddbf9b59a74bdf327b760091,manual_script
scripts/build_rag_answer_failure_analysis.py,scripts,.py,3673,101,False,da9a782772c6bc37ad5f6d9145a465884903541e62763965e1542b0922c395f7,manual_script
scripts/build_rag_indexes.py,scripts,.py,4339,114,False,9b58db701275114aaa9a2f523e020e57148c6bbb425d61ebd10ae825af3d3f19,manual_script
scripts/build_rag_readiness_report.py,scripts,.py,5909,143,False,ec1098876a2ff3a5b6280c1779ba78d5879c45627ea7ac93269a2ef60c80b972,manual_script
scripts/build_readiness_report.py,scripts,.py,9599,228,False,9325940ef19b4053189fa1f1b76e15bb174685eccc7fb2a9fae2156d0b5a9c7d,manual_script
scripts/build_relationships.py,scripts,.py,294,8,False,5a811198ada58d180635b1de6670d0096feddf90bb5c5a2d59d10eb51e134bda,manual_script
scripts/build_semantic_identity.py,scripts,.py,10695,310,False,62596c355b484a897c84d0b88b0fb573bf873aa11136bf44995660e899e98dc0,manual_script
scripts/build_semantic_quality_report.py,scripts,.py,19763,501,False,b988de95b9acc8b546594c9be4ed0e4c60e653eba4b6d11655daeaf5d6d28d24,manual_script
scripts/build_source_gap_queue.py,scripts,.py,5026,153,False,d949d2907eff7838f3adc1f3cb2f75d20c701c09e0dbe8f39ade7f81b2e7938f,manual_script
scripts/build_source_processing_status.py,scripts,.py,7073,205,False,48ea8ada74f345b19c4fa85135d9e02b710a3218c011c81472d8cbc57943e16e,manual_script
scripts/build_sqlite_knowledge_base.py,scripts,.py,58065,1472,False,78d11ad7d6bffa79f1774bc1b5f6f4e9bfe708fa67ecf1e733ba387053bcd38f,manual_script
scripts/clean_text.py,scripts,.py,843,31,False,7bb09086d64eb3ddd374ef65d3a0a7519552f7af11b7de3421cd446228a903a8,manual_script
scripts/collect_raw_sources.py,scripts,.py,9536,155,False,e4c688a24423a2377d14184da6a40dbc5fe1edd4ae5da830334372ecbab752d5,manual_script
scripts/extract_case_observations.py,scripts,.py,6723,180,False,0e12561029de4ad8e0a86e75141672469c1742b9ab37ada9fc311d18f967e568,manual_script
scripts/extract_entities.py,scripts,.py,283,9,False,c28e4d84becf65b5fdb65185e500947636c3954b56fa5127b2397a6f548d8f83,manual_script
scripts/import_human_review_session_decisions.py,scripts,.py,9145,229,False,091c672e1cebd957c4f226ddca0e4d2fccd6c819a60a92fe9d4956ebee47abb6,manual_script
scripts/parse_documents.py,scripts,.py,11502,317,False,7985e9935a9cd1ff18735b4e1ec0df9cabb6cfb11c7c4c7274a5c24864f029fe,manual_script
scripts/quality_check.py,scripts,.py,165851,3058,False,7d468394310cabbd2230dcd251df3d6d2ac8d7edc2e2ae4e8d29d712a02bb843,manual_script
scripts/query_hybrid_rag.py,scripts,.py,1327,42,False,188206c439777cbd6520e9f00a9b0d3317797c4c594107d37fe89be7f440fa18,manual_script
scripts/query_knowledge_base.py,scripts,.py,29993,864,False,62554b96a5037bf4c2acac3c1cbd8dc542a4ec843ab621dcc5c4e3105d9848f5,manual_script
scripts/query_rag.py,scripts,.py,1224,42,False,53d2765b34955881245fcf887468e4129744d2cae6b8608aa4f8142462915dd4,manual_script
scripts/run_deepseek_rag_answer_eval.py,scripts,.py,2183,55,False,a740908270c7da001ae8242b30d32e381155d933125cfa52c978d8aa52673ff1,manual_script
scripts/run_hybrid_retrieval_eval.py,scripts,.py,6377,154,False,55a037b674e2016edc9fa17a7ff11cfffd97fef5ccfa95933c1e4660c72d7039,manual_script
scripts/run_pipeline.py,scripts,.py,6049,148,False,73609722ecdbd2ee74e8e20663aba222241ed1bdb7fc27c45059894d620e51f6,manual_script
scripts/run_rag_answer_eval.py,scripts,.py,9101,230,False,e3d1c27a490c3c4b639cd7bca53fa9234628cc51b1dc857fc79cfb1ae2c384b6,manual_script
scripts/run_rag_answer_smoke_test.py,scripts,.py,4711,127,False,c1bc22d003b0ef3a72716b5a21c79b0e0190ff27a1b48252527ebda687676d17,manual_script
scripts/run_stage_acceptance.py,scripts,.py,8629,238,False,449d87aaf5d51b515cfe928ee6c94437805031abe93889e3a684133f7f0d14e8,manual_script
