source_id,title,observation_type,value,context,source_ref,review_status
aws_route53_crypto_hijack_2018,BGP leaks and cryptocurrencies,asn,AS10279,"al Ethereum. Summary in pictures Normal case After a BGP route leak Affected regions As previously mentioned, AS10279 announced this route. But only some regions got affected. Hurricane Electric has a strong presence Australia , mostly d",cleaned/cases/aws_route53_crypto_hijack_2018.md,pending
aws_route53_crypto_hijack_2018,BGP leaks and cryptocurrencies,asn,AS10297,6.0/23 205.251.198.0/23 This IP space is allocated to Amazon (AS16509). But the ASN that announced it was eNet Inc (AS10297) to their peers and forwarded to Hurricane Electric (AS6939). Those IPs are for Route53 Amazon DNS servers . When you,cleaned/cases/aws_route53_crypto_hijack_2018.md,pending
aws_route53_crypto_hijack_2018,BGP leaks and cryptocurrencies,asn,AS16509,es: 205.251.192.0/23 205.251.194.0/23 205.251.196.0/23 205.251.198.0/23 This IP space is allocated to Amazon (AS16509). But the ASN that announced it was eNet Inc (AS10297) to their peers and forwarded to Hurricane Electric (AS6939). T,cleaned/cases/aws_route53_crypto_hijack_2018.md,pending
aws_route53_crypto_hijack_2018,BGP leaks and cryptocurrencies,asn,AS41995,"@205.251.195.239 54.192.146.xx But during the hijack, it returned IPs associated with a Russian provider (AS48693 and AS41995). You did not need to accept the hijacked route to be victim of the attack, just use a DNS resolver that had been poiso",cleaned/cases/aws_route53_crypto_hijack_2018.md,pending
aws_route53_crypto_hijack_2018,BGP leaks and cryptocurrencies,asn,AS48693,"rwallet.com @205.251.195.239 54.192.146.xx But during the hijack, it returned IPs associated with a Russian provider (AS48693 and AS41995). You did not need to accept the hijacked route to be victim of the attack, just use a DNS resolver that ha",cleaned/cases/aws_route53_crypto_hijack_2018.md,pending
aws_route53_crypto_hijack_2018,BGP leaks and cryptocurrencies,asn,AS6939,"zon (AS16509). But the ASN that announced it was eNet Inc (AS10297) to their peers and forwarded to Hurricane Electric (AS6939). Those IPs are for Route53 Amazon DNS servers . When you query for one of their client zones, those servers will rep",cleaned/cases/aws_route53_crypto_hijack_2018.md,pending
aws_route53_crypto_hijack_2018,BGP leaks and cryptocurrencies,bgp4mp_timestamp,BGP4MP|04/24/18 11:05:42,rs around the planet. Between approximately 11:05:00 UTC and 12:55:00 UTC today we saw the following announcements: BGP4MP|04/24/18 11:05:42|A|205.251.199.0/24|10297 BGP4MP|04/24/18 11:05:42|A|205.251.197.0/24|10297 BGP4MP|04/24/18 11:05:42|A|205.251.195.0/24|,cleaned/cases/aws_route53_crypto_hijack_2018.md,pending
aws_route53_crypto_hijack_2018,BGP leaks and cryptocurrencies,bgp4mp_timestamp,BGP4MP|04/24/18 11:05:54,".195.0/24|10297 BGP4MP|04/24/18 11:05:42|A|205.251.193.0/24|10297 BGP4MP|04/24/18 11:05:42|A|205.251.192.0/24|10297 ... BGP4MP|04/24/18 11:05:54|A|205.251.197.0/24|4826,6939,10297 Those are more specifics announcements of the ranges: 205.251.192.0/23 205.251",cleaned/cases/aws_route53_crypto_hijack_2018.md,pending
aws_route53_crypto_hijack_2018,BGP leaks and cryptocurrencies,ipv4_prefix,1.1.1.0/24,"ounced by somebody not allowed by the owner of the space. When a transit provider picks up Cloudflare's announcement of 1.1.1.0/24 and announces it to the Internet, we allow them to do so. They are also verifying using the RIR information that only C",cleaned/cases/aws_route53_crypto_hijack_2018.md,pending
aws_route53_crypto_hijack_2018,BGP leaks and cryptocurrencies,ipv4_prefix,10.0.0.0/24,"In order to be accepted over a legitimate route, the route has to be either: A smaller prefix ( 10.0.0.1/32 = 1 IP vs 10.0.0.0/24 = 256 IPs) Have better metrics than a prefix with the same length (shorter path) The cause of a BGP leak is usually",cleaned/cases/aws_route53_crypto_hijack_2018.md,pending
aws_route53_crypto_hijack_2018,BGP leaks and cryptocurrencies,ipv4_prefix,10.0.0.1/32,"ing a leaked route is.In order to be accepted over a legitimate route, the route has to be either: A smaller prefix ( 10.0.0.1/32 = 1 IP vs 10.0.0.0/24 = 256 IPs) Have better metrics than a prefix with the same length (shorter path) The cause of",cleaned/cases/aws_route53_crypto_hijack_2018.md,pending
aws_route53_crypto_hijack_2018,BGP leaks and cryptocurrencies,ipv4_prefix,205.251.192.0/21,"erms can be added to the RIR databases, so a list of allowed sources can be generated: $ whois -h whois.radb.net ' -M 205.251.192.0/21' | egrep '^route:|^origin:|source:' | paste - - - | sort route: 205.251.192.0/23 origin: AS16509 source: RADB route: 20",cleaned/cases/aws_route53_crypto_hijack_2018.md,pending
aws_route53_crypto_hijack_2018,BGP leaks and cryptocurrencies,ipv4_prefix,205.251.192.0/23,". BGP4MP|04/24/18 11:05:54|A|205.251.197.0/24|4826,6939,10297 Those are more specifics announcements of the ranges: 205.251.192.0/23 205.251.194.0/23 205.251.196.0/23 205.251.198.0/23 This IP space is allocated to Amazon (AS16509). But the ASN",cleaned/cases/aws_route53_crypto_hijack_2018.md,pending
aws_route53_crypto_hijack_2018,BGP leaks and cryptocurrencies,ipv4_prefix,205.251.192.0/24,"04/24/18 11:05:42|A|205.251.195.0/24|10297 BGP4MP|04/24/18 11:05:42|A|205.251.193.0/24|10297 BGP4MP|04/24/18 11:05:42|A|205.251.192.0/24|10297 ... BGP4MP|04/24/18 11:05:54|A|205.251.197.0/24|4826,6939,10297 Those are more specifics announcements of the r",cleaned/cases/aws_route53_crypto_hijack_2018.md,pending
aws_route53_crypto_hijack_2018,BGP leaks and cryptocurrencies,ipv4_prefix,205.251.193.0/24,"04/24/18 11:05:42|A|205.251.197.0/24|10297 BGP4MP|04/24/18 11:05:42|A|205.251.195.0/24|10297 BGP4MP|04/24/18 11:05:42|A|205.251.193.0/24|10297 BGP4MP|04/24/18 11:05:42|A|205.251.192.0/24|10297 ... BGP4MP|04/24/18 11:05:54|A|205.251.197.0/24|4826,6939,10297",cleaned/cases/aws_route53_crypto_hijack_2018.md,pending
aws_route53_crypto_hijack_2018,BGP leaks and cryptocurrencies,ipv4_prefix,205.251.194.0/23,"1:05:54|A|205.251.197.0/24|4826,6939,10297 Those are more specifics announcements of the ranges: 205.251.192.0/23 205.251.194.0/23 205.251.196.0/23 205.251.198.0/23 This IP space is allocated to Amazon (AS16509). But the ASN that announced it w",cleaned/cases/aws_route53_crypto_hijack_2018.md,pending
aws_route53_crypto_hijack_2018,BGP leaks and cryptocurrencies,ipv4_prefix,205.251.195.0/24,04/24/18 11:05:42|A|205.251.199.0/24|10297 BGP4MP|04/24/18 11:05:42|A|205.251.197.0/24|10297 BGP4MP|04/24/18 11:05:42|A|205.251.195.0/24|10297 BGP4MP|04/24/18 11:05:42|A|205.251.193.0/24|10297 BGP4MP|04/24/18 11:05:42|A|205.251.192.0/24|10297 ... BGP4MP|04,cleaned/cases/aws_route53_crypto_hijack_2018.md,pending
aws_route53_crypto_hijack_2018,BGP leaks and cryptocurrencies,ipv4_prefix,205.251.196.0/23,"97.0/24|4826,6939,10297 Those are more specifics announcements of the ranges: 205.251.192.0/23 205.251.194.0/23 205.251.196.0/23 205.251.198.0/23 This IP space is allocated to Amazon (AS16509). But the ASN that announced it was eNet Inc (AS1029",cleaned/cases/aws_route53_crypto_hijack_2018.md,pending
aws_route53_crypto_hijack_2018,BGP leaks and cryptocurrencies,ipv4_prefix,205.251.197.0/24,oday we saw the following announcements: BGP4MP|04/24/18 11:05:42|A|205.251.199.0/24|10297 BGP4MP|04/24/18 11:05:42|A|205.251.197.0/24|10297 BGP4MP|04/24/18 11:05:42|A|205.251.195.0/24|10297 BGP4MP|04/24/18 11:05:42|A|205.251.193.0/24|10297 BGP4MP|04/24/,cleaned/cases/aws_route53_crypto_hijack_2018.md,pending
aws_route53_crypto_hijack_2018,BGP leaks and cryptocurrencies,ipv4_prefix,205.251.198.0/23,0297 Those are more specifics announcements of the ranges: 205.251.192.0/23 205.251.194.0/23 205.251.196.0/23 205.251.198.0/23 This IP space is allocated to Amazon (AS16509). But the ASN that announced it was eNet Inc (AS10297) to their peers a,cleaned/cases/aws_route53_crypto_hijack_2018.md,pending
aws_route53_crypto_hijack_2018,BGP leaks and cryptocurrencies,ipv4_prefix,205.251.199.0/24,ween approximately 11:05:00 UTC and 12:55:00 UTC today we saw the following announcements: BGP4MP|04/24/18 11:05:42|A|205.251.199.0/24|10297 BGP4MP|04/24/18 11:05:42|A|205.251.197.0/24|10297 BGP4MP|04/24/18 11:05:42|A|205.251.195.0/24|10297 BGP4MP|04/24/,cleaned/cases/aws_route53_crypto_hijack_2018.md,pending
aws_route53_crypto_hijack_2018,BGP leaks and cryptocurrencies,iso_date,2018-04-24,"Policy & Legal Zero Trust Speed & Reliability Life at Cloudflare Partners BGP leaks and cryptocurrencies 2018-04-24 Louis Poinsignon 5 min read This post is also available in 简体中文 , Deutsch , Español and Français . Over the few",cleaned/cases/aws_route53_crypto_hijack_2018.md,pending
aws_route53_crypto_hijack_2018,BGP leaks and cryptocurrencies,month_date,"April 24, 2018",".251.192.0/24205.251.193.0/24205.251.195.0/24205.251.197.0/24205.251.199.0/24 — InternetIntelligence (@InternetIntel) April 24, 2018 Correction: the BGP hijack this morning was against AWS DNS not Google DNS. https://t.co/gp3VLbImpX — InternetIntel",cleaned/cases/aws_route53_crypto_hijack_2018.md,pending
aws_route53_crypto_hijack_2018,BGP leaks and cryptocurrencies,month_date,"April 30, 2026","n , Rian Islam Linux , Security , Incident Response , Kernel , Vulnerabilities , Mitigation , eBPF April 30, 2026 Post-quantum encryption for Cloudflare IPsec is generally available Cloudflare IPsec now has generally available su",cleaned/cases/aws_route53_crypto_hijack_2018.md,pending
aws_route53_crypto_hijack_2018,BGP leaks and cryptocurrencies,month_date,"June 03, 2026","Vulnerabilities Cryptography Follow on X Louis Poinsignon | @lpoinsig Cloudflare | @cloudflare Related posts June 03, 2026 Enforcing the First AS in BGP AS_PATHs BGP is vulnerable to routing hijacks and path leaks that negatively impact t",cleaned/cases/aws_route53_crypto_hijack_2018.md,pending
aws_route53_crypto_hijack_2018,BGP leaks and cryptocurrencies,month_date,"May 07, 2026",", Agents , Threat Intelligence , LLM , Risk Management , Threat Operations , Automation , Engineering May 07, 2026 How Cloudflare responded to the “Copy Fail” Linux vulnerability When a critical Linux kernel privilege escalation w",cleaned/cases/aws_route53_crypto_hijack_2018.md,pending
aws_route53_crypto_hijack_2018,BGP leaks and cryptocurrencies,month_date,"May 18, 2026","y Bryton Herdes , Bryce Walters , Mingwei Zhang BGP , Routing , Routing Security , RPKI , Radar May 18, 2026 Project Glasswing: what Mythos showed us In recent weeks, we pointed Mythos and other security-focused LLMs at live",cleaned/cases/aws_route53_crypto_hijack_2018.md,pending
aws_route53_crypto_hijack_2018,BGP leaks and cryptocurrencies,utc_time,11:05:00 UTC,a range of BGP collectors gathering BGP information from hundreds of routers around the planet. Between approximately 11:05:00 UTC and 12:55:00 UTC today we saw the following announcements: BGP4MP|04/24/18 11:05:42|A|205.251.199.0/24|10297 BGP4MP|0,cleaned/cases/aws_route53_crypto_hijack_2018.md,pending
aws_route53_crypto_hijack_2018,BGP leaks and cryptocurrencies,utc_time,12:55:00 UTC,llectors gathering BGP information from hundreds of routers around the planet. Between approximately 11:05:00 UTC and 12:55:00 UTC today we saw the following announcements: BGP4MP|04/24/18 11:05:42|A|205.251.199.0/24|10297 BGP4MP|04/24/18 11:05:42|,cleaned/cases/aws_route53_crypto_hijack_2018.md,pending
aws_route53_crypto_hijack_2018,BGP leaks and cryptocurrencies,utc_time,13:03 UTC,"fected Amazon DNS. eNet (AS10297) of Columbus, OH announced the following more-specifics of Amazon routes from 11:05 to 13:03 UTC today:205.251.192.0/24205.251.193.0/24205.251.195.0/24205.251.197.0/24205.251.199.0/24 — InternetIntelligence (@Inter",cleaned/cases/aws_route53_crypto_hijack_2018.md,pending
cert_eu_china_telecom_route_leak_2019,High volume of European mobile traffic rerouted through China Telecom,asn,AS1136,"h China Telecom’s network. Some of the most impacted European networks included Swisscom (AS3303) of Switzerland, KPN (AS1136) of Holland, Bouygues Telecom (AS5410) and Numericable-SFR (AS21502) of France. Often routing incidents only last for",cleaned/cases/cert_eu_china_telecom_route_leak_2019.md,pending
cert_eu_china_telecom_route_leak_2019,High volume of European mobile traffic rerouted through China Telecom,asn,AS21217,"China Telecom for over two hours. The incident began at 09:43 UTC when Swiss data centre colocation company Safe Host (AS21217) unintentionally leaked over 70 000 routes to China Telecom (AS4134) in Frankfurt, Germany . China Telecom then announ",cleaned/cases/cert_eu_china_telecom_route_leak_2019.md,pending
cert_eu_china_telecom_route_leak_2019,High volume of European mobile traffic rerouted through China Telecom,asn,AS21502,"rks included Swisscom (AS3303) of Switzerland, KPN (AS1136) of Holland, Bouygues Telecom (AS5410) and Numericable-SFR (AS21502) of France. Often routing incidents only last for a few minutes, but in this case, many of the leaked routes were in c",cleaned/cases/cert_eu_china_telecom_route_leak_2019.md,pending
cert_eu_china_telecom_route_leak_2019,High volume of European mobile traffic rerouted through China Telecom,asn,AS3303,"ropean mobile networks through China Telecom’s network. Some of the most impacted European networks included Swisscom (AS3303) of Switzerland, KPN (AS1136) of Holland, Bouygues Telecom (AS5410) and Numericable-SFR (AS21502) of France. Often ro",cleaned/cases/cert_eu_china_telecom_route_leak_2019.md,pending
cert_eu_china_telecom_route_leak_2019,High volume of European mobile traffic rerouted through China Telecom,asn,AS4134,"n Swiss data centre colocation company Safe Host (AS21217) unintentionally leaked over 70 000 routes to China Telecom (AS4134) in Frankfurt, Germany . China Telecom then announced these routes on to the global internet redirecting large amounts",cleaned/cases/cert_eu_china_telecom_route_leak_2019.md,pending
cert_eu_china_telecom_route_leak_2019,High volume of European mobile traffic rerouted through China Telecom,asn,AS5410,"most impacted European networks included Swisscom (AS3303) of Switzerland, KPN (AS1136) of Holland, Bouygues Telecom (AS5410) and Numericable-SFR (AS21502) of France. Often routing incidents only last for a few minutes, but in this case, many",cleaned/cases/cert_eu_china_telecom_route_leak_2019.md,pending
cert_eu_china_telecom_route_leak_2019,High volume of European mobile traffic rerouted through China Telecom,month_date,"April 26, 2017","ers started to send traffic destined for Japan to Google. About 8 million Japanese connecti ons became unavailable.  April 26, 2017: T raffic belonging to more than twenty financial services, including Visa and MasterCard, was routed through Rostelec",cleaned/cases/cert_eu_china_telecom_route_leak_2019.md,pending
cert_eu_china_telecom_route_leak_2019,High volume of European mobile traffic rerouted through China Telecom,month_date,"August 25, 2017","including Visa and MasterCard earlier this year. It is likely that the traffic redirection was a deliberate choice.  August 25, 2017: An error by Google caused widespread internet outages in Japan for about one hour. The mishap occurred due to incorre",cleaned/cases/cert_eu_china_telecom_route_leak_2019.md,pending
cert_eu_china_telecom_route_leak_2019,High volume of European mobile traffic rerouted through China Telecom,month_date,"December 12, 2017","it went undetected until end users began reporting dropped traffic, revealing glaring security limitations of BGP.  December 12, 2017: Traffic to some of the world’s largest tech companies was briefly rerouted through a Russian ISP. Eighty prefixes ass",cleaned/cases/cert_eu_china_telecom_route_leak_2019.md,pending
cert_eu_china_telecom_route_leak_2019,High volume of European mobile traffic rerouted through China Telecom,month_date,"December 28, 2018","ecurity risk for any entity relying on the internet. Some recent high-profile routing incidents have been observed.  December 28, 2018: beginning at 08:33 UTC, an internet routing path that was usually advertised by an Autonomous System Number (ASN) ass",cleaned/cases/cert_eu_china_telecom_route_leak_2019.md,pending
cert_eu_china_telecom_route_leak_2019,High volume of European mobile traffic rerouted through China Telecom,month_date,June 6,"has still not implemented some basic routing safeguards to detect and remediate them in a timely manner. Summary On June 6, a routing incident led to over 70 000 routes used for European mobile networks being redirected through China Telecom",cleaned/cases/cert_eu_china_telecom_route_leak_2019.md,pending
cert_eu_china_telecom_route_leak_2019,High volume of European mobile traffic rerouted through China Telecom,month_date,"November 12, 2018","associated with China Telecom. The incident comprised more than 374 events over a period of 2 hours and 15 minutes.  November 12, 2018: Nigeria’s Main One Cable Company inadvertently caused a glitch that temporarily misrouted Google internet traffic thr",cleaned/cases/cert_eu_china_telecom_route_leak_2019.md,pending
cert_eu_china_telecom_route_leak_2019,High volume of European mobile traffic rerouted through China Telecom,utc_time,08:33 UTC,"ing on the internet. Some recent high-profile routing incidents have been observed.  December 28, 2018: beginning at 08:33 UTC, an internet routing path that was usually advertised by an Autonomous System Number (ASN) associated with the US Depa",cleaned/cases/cert_eu_china_telecom_route_leak_2019.md,pending
cert_eu_china_telecom_route_leak_2019,High volume of European mobile traffic rerouted through China Telecom,utc_time,09:43 UTC,tes used for European mobile networks being redirected through China Telecom for over two hours. The incident began at 09:43 UTC when Swiss data centre colocation company Safe Host (AS21217) unintentionally leaked over 70 000 routes to China Telec,cleaned/cases/cert_eu_china_telecom_route_leak_2019.md,pending
china_telecom_europe_route_leak_2019,BGP event sends European mobile traffic through China Telecom for 2 hours,asn,AS1130,"affected by Thursday’s event included Switzerland-based Swisscom’s AS3303, Netherlands-based telecom KPN’s AS1136, and AS1130 and AS21502, belonging to French telecommunications providers Bouygues Telecom and Numericable-SFR respectively. KPN la",cleaned/cases/china_telecom_europe_route_leak_2019.md,pending
china_telecom_europe_route_leak_2019,BGP event sends European mobile traffic through China Telecom for 2 hours,asn,AS1136,". Networks affected by Thursday’s event included Switzerland-based Swisscom’s AS3303, Netherlands-based telecom KPN’s AS1136, and AS1130 and AS21502, belonging to French telecommunications providers Bouygues Telecom and Numericable-SFR respecti",cleaned/cases/china_telecom_europe_route_leak_2019.md,pending
china_telecom_europe_route_leak_2019,BGP event sends European mobile traffic through China Telecom for 2 hours,asn,AS21217,"he Border Gateway Protocol . The incident started around 9:43am UTC on Thursday (2:43am California time). That’s when AS21217, the autonomous system belonging to Switzerland-based data center colocation company Safe Host , improperly updated its",cleaned/cases/china_telecom_europe_route_leak_2019.md,pending
china_telecom_europe_route_leak_2019,BGP event sends European mobile traffic through China Telecom for 2 hours,asn,AS21502,"y Thursday’s event included Switzerland-based Swisscom’s AS3303, Netherlands-based telecom KPN’s AS1136, and AS1130 and AS21502, belonging to French telecommunications providers Bouygues Telecom and Numericable-SFR respectively. KPN later blamed t",cleaned/cases/china_telecom_europe_route_leak_2019.md,pending
china_telecom_europe_route_leak_2019,BGP event sends European mobile traffic through China Telecom for 2 hours,asn,AS3303,"s, and network providers through Russia . Networks affected by Thursday’s event included Switzerland-based Swisscom’s AS3303, Netherlands-based telecom KPN’s AS1136, and AS1130 and AS21502, belonging to French telecommunications providers Bouyg",cleaned/cases/china_telecom_europe_route_leak_2019.md,pending
china_telecom_europe_route_leak_2019,BGP event sends European mobile traffic through China Telecom for 2 hours,asn,AS37282,"nstance, when a major African ISP updated tables in the Internet’s global routing system to improperly declare that its AS37282 was the proper path to reach 212 IP prefixes belonging to Google, the Chinese telecom accepted the route and announced",cleaned/cases/china_telecom_europe_route_leak_2019.md,pending
china_telecom_europe_route_leak_2019,BGP event sends European mobile traffic through China Telecom for 2 hours,asn,AS4134,"ntually would become more than 70,000 Internet routes comprising an estimated 368 million IP addresses. China Telecom’s AS4134, which struck a network peering arrangement with Safe Host in 2017, almost immediately echoed those routes rather than",cleaned/cases/china_telecom_europe_route_leak_2019.md,pending
china_telecom_europe_route_leak_2019,BGP event sends European mobile traffic through China Telecom for 2 hours,asn,AS703,"ften traveled to Shanghai first. That incident involved China Telecom incorrectly handling the routing announcements of AS703, Verizon’s Asia-Pacific autonomous system. “It’s hard to say definitively,” Rob Ragan, a principal security researche",cleaned/cases/china_telecom_europe_route_leak_2019.md,pending
china_telecom_europe_route_leak_2019,BGP event sends European mobile traffic through China Telecom for 2 hours,month_date,"June 7, 2019","erday’s BGP leak, there was no configuration change on our side that triggered the issue. — Safe Host SA (@swisscolo) June 7, 2019 Intentional or not, the incident underscores a fundamental weakness in BGP, which is the global routing table that al",cleaned/cases/china_telecom_europe_route_leak_2019.md,pending
cloudflare_outage_2026,Cloudflare outage on February 20 2026,iso_date,2026-02-05,e timeline of events inclusive of deployment of the change and remediation steps: Time (UT C ) Status Description 2026-02-05 21:53 Code merged into system Broken sub-process merged into code base 2026-02-20 17:46 Code deployed into system,cleaned/cases/cloudflare_outage_2026.md,pending
cloudflare_outage_2026,Cloudflare outage on February 20 2026,iso_date,2026-02-20,me (UT C ) Status Description 2026-02-05 21:53 Code merged into system Broken sub-process merged into code base 2026-02-20 17:46 Code deployed into system Address API release with broken sub-process completes 2026-02-20 17:56 Impact Star,cleaned/cases/cloudflare_outage_2026.md,pending
cloudflare_outage_2026,Cloudflare outage on February 20 2026,iso_date,2026-02-21,"y & Legal Zero Trust Speed & Reliability Life at Cloudflare Partners Cloudflare outage on February 20, 2026 2026-02-21 David Tuber Dzevad Trumic 9 min read This post is also available in 简体中文 , 日本語 , 한국어 and 繁體中文 . On February 2",cleaned/cases/cloudflare_outage_2026.md,pending
cloudflare_outage_2026,Cloudflare outage on February 20 2026,month_date,"April 28, 2026","ted best practices to prevent future incidents. ... By Jeremy Hartman Outage , Post Mortem , Code Orange April 28, 2026 Shutdowns, power outages, and conflict: a review of Q1 2026 Internet disruptions The first quarter of 2026 saw a su",cleaned/cases/cloudflare_outage_2026.md,pending
cloudflare_outage_2026,Cloudflare outage on February 20 2026,month_date,"February 20, 2026","# Cloudflare outage on February 20, 2026 Cloudflare outage on February 20, 2026 Get Started Free | Contact Sales | ▼ The Cloudflare Blog Subscribe to r",cleaned/cases/cloudflare_outage_2026.md,pending
cloudflare_outage_2026,Cloudflare outage on February 20 2026,month_date,"May 01, 2026","ebastiaan Neuteboom , Christian Elmerot , Max Worsley DNS , DNSSEC , 1.1.1.1 , Reliability , Outage May 01, 2026 Code Orange: Fail Small is complete. The result is a stronger Cloudflare network We have completed a massive engine",cleaned/cases/cloudflare_outage_2026.md,pending
cloudflare_outage_2026,Cloudflare outage on February 20 2026,month_date,"May 06, 2026","n , Rian Islam Linux , Security , Incident Response , Kernel , Vulnerabilities , Mitigation , eBPF May 06, 2026 When DNSSEC goes wrong: how we responded to the .de TLD outage On May 5, 2026, DENIC published broken DNSSEC signat",cleaned/cases/cloudflare_outage_2026.md,pending
cloudflare_outage_2026,Cloudflare outage on February 20 2026,month_date,"May 07, 2026","ost Mortem Incident Response Outage Follow on X David Tuber | @tubes__ Cloudflare | @cloudflare Related posts May 07, 2026 How Cloudflare responded to the “Copy Fail” Linux vulnerability When a critical Linux kernel privilege escalation w",cleaned/cases/cloudflare_outage_2026.md,pending
cloudflare_outage_2026,Cloudflare outage on February 20 2026,month_date,"May 5, 2026","bilities , Mitigation , eBPF May 06, 2026 When DNSSEC goes wrong: how we responded to the .de TLD outage On May 5, 2026, DENIC published broken DNSSEC signatures for the .de TLD, making millions of domains unreachable. Here's what 1.1.1.1",cleaned/cases/cloudflare_outage_2026.md,pending
cloudflare_outage_2026,Cloudflare outage on February 20 2026,utc_time,17:48 UTC,"er Dzevad Trumic 9 min read This post is also available in 简体中文 , 日本語 , 한국어 and 繁體中文 . On February 20, 2026, at 17:48 UTC, Cloudflare experienced a service outage when a subset of customers who use Cloudflare’s Bring Your Own IP (BYOIP) serv",cleaned/cases/cloudflare_outage_2026.md,pending
cloudflare_outage_2026,Cloudflare outage on February 20 2026,utc_time,18:46 UTC,"fixes we advertise globally. During the incident, 1,100 prefixes out of the total 6,500 were withdrawn from 17:56 to 18:46 UTC. Out of the 4,306 total BYOIP prefixes, 25% of BYOIP prefixes were unintentionally withdrawn. We were able to detect im",cleaned/cases/cloudflare_outage_2026.md,pending
cloudflare_outage_2026,Cloudflare outage on February 20 2026,utc_time,19:19 UTC,"We were able to detect impact on one.one.one.one and revert the impacting change before more prefixes were impacted. At 19:19 UTC, we published guidance to customers that they would be able to self-remediate this incident by going to the Cloudflare",cleaned/cases/cloudflare_outage_2026.md,pending
cloudflare_outage_2026,Cloudflare outage on February 20 2026,utc_time,20:20 UTC,"e dashboard and re-advertising their prefixes. Cloudflare was able to revert many of the advertisement changes around 20:20 UTC, which caused 800 prefixes to be restored. There were still ~300 prefixes that were unable to be remediated through the",cleaned/cases/cloudflare_outage_2026.md,pending
cloudflare_outage_2026,Cloudflare outage on February 20 2026,utc_time,23:03 UTC,ixes were removed from the edge due to a software bug. These prefixes were manually restored by Cloudflare engineers at 23:03 UTC. This incident did not impact all BYOIP customers because the configuration change was applied iteratively and not i,cleaned/cases/cloudflare_outage_2026.md,pending
cloudflare_verizon_route_leak_2019,How Verizon and a BGP Optimizer Knocked Large Parts of the Internet Offline Today,asn,AS33154,"pointing your GPS to a state. This is where things went wrong today. An Internet Service Provider in Pennsylvania ( AS33154 - DQE Communications) was using a BGP optimizer in their network, which meant there were a lot of more specific routes",cleaned/cases/cloudflare_verizon_route_leak_2019.md,pending
cloudflare_verizon_route_leak_2019,How Verizon and a BGP Optimizer Knocked Large Parts of the Internet Offline Today,asn,AS396531,", Buckingham Palace is more specific than a route to London). DQE announced these specific routes to their customer ( AS396531 - Allegheny Technologies Inc). All of this routing information was then sent to their other transit provider ( AS701 -",cleaned/cases/cloudflare_verizon_route_leak_2019.md,pending
cloudflare_verizon_route_leak_2019,How Verizon and a BGP Optimizer Knocked Large Parts of the Internet Offline Today,asn,AS701,"heart attack. A small company in Northern Pennsylvania became a preferred path of many Internet routes through Verizon (AS701), a major Internet transit provider. This was the equivalent of Waze routing an entire freeway down a neighborhood stre",cleaned/cases/cloudflare_verizon_route_leak_2019.md,pending
cloudflare_verizon_route_leak_2019,How Verizon and a BGP Optimizer Knocked Large Parts of the Internet Offline Today,ipv4_prefix,104.20.0.0/20,"plits up received IP prefixes into smaller, contributing parts (called more-specifics). For example, our own IPv4 route 104.20.0.0/20 was turned into 104.20.0.0/21 and 104.20.8.0/21. It’s as if the road sign directing traffic to “Pennsylvania” was repla",cleaned/cases/cloudflare_verizon_route_leak_2019.md,pending
cloudflare_verizon_route_leak_2019,How Verizon and a BGP Optimizer Knocked Large Parts of the Internet Offline Today,ipv4_prefix,104.20.0.0/21,"into smaller, contributing parts (called more-specifics). For example, our own IPv4 route 104.20.0.0/20 was turned into 104.20.0.0/21 and 104.20.8.0/21. It’s as if the road sign directing traffic to “Pennsylvania” was replaced by two road signs, one for",cleaned/cases/cloudflare_verizon_route_leak_2019.md,pending
cloudflare_verizon_route_leak_2019,How Verizon and a BGP Optimizer Knocked Large Parts of the Internet Offline Today,ipv4_prefix,104.20.8.0/21,"ributing parts (called more-specifics). For example, our own IPv4 route 104.20.0.0/20 was turned into 104.20.0.0/21 and 104.20.8.0/21. It’s as if the road sign directing traffic to “Pennsylvania” was replaced by two road signs, one for “Pittsburgh, PA”",cleaned/cases/cloudflare_verizon_route_leak_2019.md,pending
cloudflare_verizon_route_leak_2019,How Verizon and a BGP Optimizer Knocked Large Parts of the Internet Offline Today,iso_date,2019-06-24,"y Life at Cloudflare Partners How Verizon and a BGP Optimizer Knocked Large Parts of the Internet Offline Today 2019-06-24 Tom Strickx 5 min read This post is also available in 简体中文 , Deutsch , 日本語 and Français . Massive route leak im",cleaned/cases/cloudflare_verizon_route_leak_2019.md,pending
cloudflare_verizon_route_leak_2019,How Verizon and a BGP Optimizer Knocked Large Parts of the Internet Offline Today,month_date,"April 10, 2026","d Belson Radar , Internet Shutdown , Internet Traffic , Outage , Internet Trends , AWS , BGP , IPv6 April 10, 2026 500 Tbps of capacity: 16 years of scaling our global network Cloudflare’s global network has officially crossed 500",cleaned/cases/cloudflare_verizon_route_leak_2019.md,pending
cloudflare_verizon_route_leak_2019,How Verizon and a BGP Optimizer Knocked Large Parts of the Internet Offline Today,month_date,"April 28, 2026","y Bryton Herdes , Bryce Walters , Mingwei Zhang BGP , Routing , Routing Security , RPKI , Radar April 28, 2026 Shutdowns, power outages, and conflict: a review of Q1 2026 Internet disruptions The first quarter of 2026 saw a su",cleaned/cases/cloudflare_verizon_route_leak_2019.md,pending
cloudflare_verizon_route_leak_2019,How Verizon and a BGP Optimizer Knocked Large Parts of the Internet Offline Today,month_date,"February 27, 2026","Services , Cloudflare Network , Peering , DDoS , BGP , RPKI , Workers AI , Cloudflare Workers , AI February 27, 2026 ASPA: making Internet routing more secure ASPA is the cryptographic upgrade for BGP that helps prevent route leaks",cleaned/cases/cloudflare_verizon_route_leak_2019.md,pending
cloudflare_verizon_route_leak_2019,How Verizon and a BGP Optimizer Knocked Large Parts of the Internet Offline Today,month_date,"June 03, 2026","this problem was identified. BGP Follow on X Tom Strickx | @tstrickx Cloudflare | @cloudflare Related posts June 03, 2026 Enforcing the First AS in BGP AS_PATHs BGP is vulnerable to routing hijacks and path leaks that negatively impact t",cleaned/cases/cloudflare_verizon_route_leak_2019.md,pending
cloudflare_verizon_route_leak_2019,How Verizon and a BGP Optimizer Knocked Large Parts of the Internet Offline Today,utc_time,10:30UTC,"d Français . Massive route leak impacts major parts of the Internet, including Cloudflare What happened? Today at 10:30UTC, the Internet had a small heart attack. A small company in Northern Pennsylvania became a preferred path of many Intern",cleaned/cases/cloudflare_verizon_route_leak_2019.md,pending
facebook_outage_cloudflare_2021,Understanding How Facebook Disappeared from the Internet,asn,AS1,"can see six autonomous systems on the Internet and two possible routes that one packet can use to go from Start to End. AS1 → AS2 → AS3 being the fastest, and AS1 → AS6 → AS5 → AS4 → AS3 being the slowest, but that can be used if the first fai",cleaned/cases/facebook_outage_cloudflare_2021.md,pending
facebook_outage_cloudflare_2021,Understanding How Facebook Disappeared from the Internet,asn,AS13335,"esses), as well as transit prefixes (say they know how to reach specific groups of IP addresses). Cloudflare's ASN is AS13335 . Every ASN needs to announce its prefix routes to the Internet using BGP; otherwise, no one will know how to connect a",cleaned/cases/facebook_outage_cloudflare_2021.md,pending
facebook_outage_cloudflare_2021,Understanding How Facebook Disappeared from the Internet,asn,AS2,"e six autonomous systems on the Internet and two possible routes that one packet can use to go from Start to End. AS1 → AS2 → AS3 being the fastest, and AS1 → AS6 → AS5 → AS4 → AS3 being the slowest, but that can be used if the first fails.",cleaned/cases/facebook_outage_cloudflare_2021.md,pending
facebook_outage_cloudflare_2021,Understanding How Facebook Disappeared from the Internet,asn,AS3,"autonomous systems on the Internet and two possible routes that one packet can use to go from Start to End. AS1 → AS2 → AS3 being the fastest, and AS1 → AS6 → AS5 → AS4 → AS3 being the slowest, but that can be used if the first fails. At 15:",cleaned/cases/facebook_outage_cloudflare_2021.md,pending
facebook_outage_cloudflare_2021,Understanding How Facebook Disappeared from the Internet,asn,AS4,"ssible routes that one packet can use to go from Start to End. AS1 → AS2 → AS3 being the fastest, and AS1 → AS6 → AS5 → AS4 → AS3 being the slowest, but that can be used if the first fails. At 15:58 UTC we noticed that Facebook had stopped a",cleaned/cases/facebook_outage_cloudflare_2021.md,pending
facebook_outage_cloudflare_2021,Understanding How Facebook Disappeared from the Internet,asn,AS5,"two possible routes that one packet can use to go from Start to End. AS1 → AS2 → AS3 being the fastest, and AS1 → AS6 → AS5 → AS4 → AS3 being the slowest, but that can be used if the first fails. At 15:58 UTC we noticed that Facebook had sto",cleaned/cases/facebook_outage_cloudflare_2021.md,pending
facebook_outage_cloudflare_2021,Understanding How Facebook Disappeared from the Internet,asn,AS6,"t and two possible routes that one packet can use to go from Start to End. AS1 → AS2 → AS3 being the fastest, and AS1 → AS6 → AS5 → AS4 → AS3 being the slowest, but that can be used if the first fails. At 15:58 UTC we noticed that Facebook h",cleaned/cases/facebook_outage_cloudflare_2021.md,pending
facebook_outage_cloudflare_2021,Understanding How Facebook Disappeared from the Internet,ipv4_prefix,129.134.0.0/17,"and related services were effectively unavailable: route-views>show ip bgp 129.134.30.0 BGP routing table entry for 129.134.0.0/17, version 1025798334 Paths: (24 available, best #14, table default) Not advertised to any peer Refresh Epoch 2 3303 6453",cleaned/cases/facebook_outage_cloudflare_2021.md,pending
facebook_outage_cloudflare_2021,Understanding How Facebook Disappeared from the Internet,ipv4_prefix,129.134.30.0/23,"of facebook.com. route-views>show ip bgp 185.89.218.0/23 % Network not in table route-views> route-views>show ip bgp 129.134.30.0/23 % Network not in table route-views> Meanwhile, other Facebook IP addresses remained routed but weren’t particularly u",cleaned/cases/facebook_outage_cloudflare_2021.md,pending
facebook_outage_cloudflare_2021,Understanding How Facebook Disappeared from the Internet,ipv4_prefix,185.89.218.0/23,.1 DNS resolver could no longer respond to queries asking for the IP address of facebook.com. route-views>show ip bgp 185.89.218.0/23 % Network not in table route-views> route-views>show ip bgp 129.134.30.0/23 % Network not in table route-views> Mean,cleaned/cases/facebook_outage_cloudflare_2021.md,pending
facebook_outage_cloudflare_2021,Understanding How Facebook Disappeared from the Internet,iso_date,2021-10-04,"rust Speed & Reliability Life at Cloudflare Partners Understanding how Facebook disappeared from the Internet 2021-10-04 Celso Martinho Tom Strickx 5 min read This post is also available in 简体中文 , Français , Deutsch , Italiano , 日本語",cleaned/cases/facebook_outage_cloudflare_2021.md,pending
facebook_outage_cloudflare_2021,Understanding How Facebook Disappeared from the Internet,month_date,"June 03, 2026","Facebook Follow on X Celso Martinho | @celso Tom Strickx | @tstrickx Cloudflare | @cloudflare Related posts June 03, 2026 Enforcing the First AS in BGP AS_PATHs BGP is vulnerable to routing hijacks and path leaks that negatively impact t",cleaned/cases/facebook_outage_cloudflare_2021.md,pending
facebook_outage_cloudflare_2021,Understanding How Facebook Disappeared from the Internet,month_date,"May 01, 2026","ebastiaan Neuteboom , Christian Elmerot , Max Worsley DNS , DNSSEC , 1.1.1.1 , Reliability , Outage May 01, 2026 Code Orange: Fail Small is complete. The result is a stronger Cloudflare network We have completed a massive engine",cleaned/cases/facebook_outage_cloudflare_2021.md,pending
facebook_outage_cloudflare_2021,Understanding How Facebook Disappeared from the Internet,month_date,"May 06, 2026","bina Zejnilovic Internet Traffic , Internet Trends , Internet Quality , Internet Shutdown , Radar , DNS May 06, 2026 When DNSSEC goes wrong: how we responded to the .de TLD outage On May 5, 2026, DENIC published broken DNSSEC signat",cleaned/cases/facebook_outage_cloudflare_2021.md,pending
facebook_outage_cloudflare_2021,Understanding How Facebook Disappeared from the Internet,month_date,"May 27, 2026","y Bryton Herdes , Bryce Walters , Mingwei Zhang BGP , Routing , Routing Security , RPKI , Radar May 27, 2026 Iran's Internet is partially restored, Cloudflare Radar data shows Cloudflare Radar data confirms early indications",cleaned/cases/facebook_outage_cloudflare_2021.md,pending
facebook_outage_cloudflare_2021,Understanding How Facebook Disappeared from the Internet,month_date,"May 5, 2026","ernet Shutdown , Radar , DNS May 06, 2026 When DNSSEC goes wrong: how we responded to the .de TLD outage On May 5, 2026, DENIC published broken DNSSEC signatures for the .de TLD, making millions of domains unreachable. Here's what 1.1.1.1",cleaned/cases/facebook_outage_cloudflare_2021.md,pending
facebook_outage_cloudflare_2021,Understanding How Facebook Disappeared from the Internet,utc_time,15:40 UTC,lly this chart is fairly quiet: Facebook doesn’t make a lot of changes to its network minute to minute. But at around 15:40 UTC we saw a peak of routing changes from Facebook. That’s when the trouble began. If we split this view by routes announ,cleaned/cases/facebook_outage_cloudflare_2021.md,pending
facebook_outage_cloudflare_2021,Understanding How Facebook Disappeared from the Internet,utc_time,15:45 UTC,unreachability in our WARP traffic to and from Facebook's affected ASN 32934. This chart shows how traffic changed from 15:45 UTC to 16:45 UTC compared with three hours before in each country. All over the world WARP traffic to and from Facebook’s n,cleaned/cases/facebook_outage_cloudflare_2021.md,pending
facebook_outage_cloudflare_2021,Understanding How Facebook Disappeared from the Internet,utc_time,15:50 UTC,"availability of the DNS name 'facebook.com' on Cloudflare's DNS resolver 1.1.1.1. It stopped being available at around 15:50 UTC and returned at 21:20 UTC. Undoubtedly Facebook, WhatsApp and Instagram services will take further time to come onlin",cleaned/cases/facebook_outage_cloudflare_2021.md,pending
facebook_outage_cloudflare_2021,Understanding How Facebook Disappeared from the Internet,utc_time,15:51 UTC,"中文 . The Internet - A Network of Networks “ Facebook can't be down, can it? ”, we thought, for a second. Today at 15:51 UTC, we opened an internal incident entitled ""Facebook DNS lookup returning SERVFAIL"" because we were worried that somethin",cleaned/cases/facebook_outage_cloudflare_2021.md,pending
facebook_outage_cloudflare_2021,Understanding How Facebook Disappeared from the Internet,utc_time,15:58 UTC,"AS3 being the fastest, and AS1 → AS6 → AS5 → AS4 → AS3 being the slowest, but that can be used if the first fails. At 15:58 UTC we noticed that Facebook had stopped announcing the routes to their DNS prefixes. That meant that, at least, Facebook’s",cleaned/cases/facebook_outage_cloudflare_2021.md,pending
facebook_outage_cloudflare_2021,Understanding How Facebook Disappeared from the Internet,utc_time,16:45 UTC,y in our WARP traffic to and from Facebook's affected ASN 32934. This chart shows how traffic changed from 15:45 UTC to 16:45 UTC compared with three hours before in each country. All over the world WARP traffic to and from Facebook’s network simply,cleaned/cases/facebook_outage_cloudflare_2021.md,pending
facebook_outage_cloudflare_2021,Understanding How Facebook Disappeared from the Internet,utc_time,21:00 UTC,tween entities are at the center of making it work for almost five billion active users worldwide. Update At around 21:00 UTC we saw renewed BGP activity from Facebook's network which peaked at 21:17 UTC. This chart shows the availability of t,cleaned/cases/facebook_outage_cloudflare_2021.md,pending
facebook_outage_cloudflare_2021,Understanding How Facebook Disappeared from the Internet,utc_time,21:17 UTC,ive users worldwide. Update At around 21:00 UTC we saw renewed BGP activity from Facebook's network which peaked at 21:17 UTC. This chart shows the availability of the DNS name 'facebook.com' on Cloudflare's DNS resolver 1.1.1.1. It stopped be,cleaned/cases/facebook_outage_cloudflare_2021.md,pending
facebook_outage_cloudflare_2021,Understanding How Facebook Disappeared from the Internet,utc_time,21:20 UTC,"ame 'facebook.com' on Cloudflare's DNS resolver 1.1.1.1. It stopped being available at around 15:50 UTC and returned at 21:20 UTC. Undoubtedly Facebook, WhatsApp and Instagram services will take further time to come online but as of 21:28 UTC Face",cleaned/cases/facebook_outage_cloudflare_2021.md,pending
facebook_outage_cloudflare_2021,Understanding How Facebook Disappeared from the Internet,utc_time,21:28 UTC,"d at 21:20 UTC. Undoubtedly Facebook, WhatsApp and Instagram services will take further time to come online but as of 21:28 UTC Facebook appears to be reconnected to the global Internet and DNS working again. Trends Outage BGP DNS Facebook Fol",cleaned/cases/facebook_outage_cloudflare_2021.md,pending
facebook_outage_meta_2021,More Details About the October 4 Outage,month_date,"MAY 1, 2025","ructure Evolution and the Advent of AI SEP 26, 2025 Networking at the Heart of AI — @Scale: Networking 2025 Recap MAY 1, 2025 Taking the plunge: The engineering journey of building a subsea cable Related Posts Sep 29, 2021 Open-sourcing",cleaned/cases/facebook_outage_meta_2021.md,pending
facebook_outage_meta_2021,More Details About the October 4 Outage,month_date,"OCTOBER 4, 2021","blications Artificial Intelligence ML Applications AI Research Research Publications Watch Videos POSTED ON OCTOBER 4, 2021 TO Networking & Traffic Update about the October 4th outage By Santosh Janardhan To all the people and businesses",cleaned/cases/facebook_outage_meta_2021.md,pending
facebook_outage_meta_2021,More Details About the October 4 Outage,month_date,October 4th,# Update about the October 4th outage - Engineering at Meta Update about the October 4th outage - Engineering at Meta Skip to content Search this,cleaned/cases/facebook_outage_meta_2021.md,pending
indosat_route_leak_2014,Indosat fat-thumbs route announcements again,asn,AS4651,"ement has affected more than 320,000 prefixes. REG AD The Indosat hijack affected 320,349 prefixes. Most routes via AS4651 (THAI-GATEWAY) and 6939 (HE) pic.twitter.com/bbG23jbT9T — BGPmon.net (@bgpmon) April 2, 2014 As noted by BGPmon, In",cleaned/cases/indosat_route_leak_2014.md,pending
indosat_route_leak_2014,Indosat fat-thumbs route announcements again,asn,AS4761,"BOFH Who, Me? On Call REG AD Networks Indosat fat-thumbs route announcements (again) Networks go dark on AS4761 'hijack' Richard Chirgwin Richard Chirgwin Published thu 3 Apr 2014 // 03:29 UTC Indosat has made an unknown",cleaned/cases/indosat_route_leak_2014.md,pending
indosat_route_leak_2014,Indosat fat-thumbs route announcements again,month_date,April 2,"unreachable by announcing itself as their route. The mis-announcement took place sometime close to midnight (UMT) on April 2, with this message kicking off an ongoing thread at Seclists complaining about their routes being 'hijacked'. Many of",cleaned/cases/indosat_route_leak_2014.md,pending
indosat_route_leak_2014,Indosat fat-thumbs route announcements again,month_date,"April 2, 2014","0,349 prefixes. Most routes via AS4651 (THAI-GATEWAY) and 6939 (HE) pic.twitter.com/bbG23jbT9T — BGPmon.net (@bgpmon) April 2, 2014 As noted by BGPmon, Indosat has form for route announcement hijacks. In 2011 it made a similar mistake, announcing it",cleaned/cases/indosat_route_leak_2014.md,pending
indosat_route_leak_2014,Indosat fat-thumbs route announcements again,utc_time,03:29 UTC,"nts (again) Networks go dark on AS4761 'hijack' Richard Chirgwin Richard Chirgwin Published thu 3 Apr 2014 // 03:29 UTC Indosat has made an unknown number of networks – in the thousands according to BGPmon, but possibly more – unreachabl",cleaned/cases/indosat_route_leak_2014.md,pending
mainone_google_cloudflare_route_leak_2018,How a Nigerian ISP Accidentally Knocked Google Offline,asn,AS15169,"'s corner of the Internet and where Google traffic should end up... by the fastest path. A Typical view of how Google/AS15169’s routes are propagated to Tier-1 Networks. As seen above, Google is directly connected to most of the Tier-1 network",cleaned/cases/mainone_google_cloudflare_route_leak_2018.md,pending
mainone_google_cloudflare_route_leak_2018,How a Nigerian ISP Accidentally Knocked Google Offline,asn,AS174,"e, the AS Path that you would see is “174 6453 15169”. That string of numbers is like a sequence of waypoints: start on AS 174 (Cogent), go to Tata (AS 6453), then go to Google (AS 15169). So, Cogent subscribers reach Google via Tata, a huge Tier",cleaned/cases/mainone_google_cloudflare_route_leak_2018.md,pending
mainone_google_cloudflare_route_leak_2018,How a Nigerian ISP Accidentally Knocked Google Offline,asn,AS20485,"e gone via Tata (AS 6453) as they should have. Instead, they were routed first through TransTelecom (a Russian Carrier, AS 20485), then to China Telecom CN2 (a cross border Chinese carrier, AS 4809), then on to MainOne (the Nigerian ISP that miscon",cleaned/cases/mainone_google_cloudflare_route_leak_2018.md,pending
mainone_google_cloudflare_route_leak_2018,How a Nigerian ISP Accidentally Knocked Google Offline,asn,AS37282,"ecom CN2 (a cross border Chinese carrier, AS 4809), then on to MainOne (the Nigerian ISP that misconfigured everything, AS 37282), and only then were they finally handed off to Google (AS 15169). In other words, a user in London could have had the",cleaned/cases/mainone_google_cloudflare_route_leak_2018.md,pending
mainone_google_cloudflare_route_leak_2018,How a Nigerian ISP Accidentally Knocked Google Offline,asn,AS4809,"ed first through TransTelecom (a Russian Carrier, AS 20485), then to China Telecom CN2 (a cross border Chinese carrier, AS 4809), then on to MainOne (the Nigerian ISP that misconfigured everything, AS 37282), and only then were they finally handed",cleaned/cases/mainone_google_cloudflare_route_leak_2018.md,pending
mainone_google_cloudflare_route_leak_2018,How a Nigerian ISP Accidentally Knocked Google Offline,asn,AS6453,"see is “174 6453 15169”. That string of numbers is like a sequence of waypoints: start on AS 174 (Cogent), go to Tata (AS 6453), then go to Google (AS 15169). So, Cogent subscribers reach Google via Tata, a huge Tier-1 provider. During the inci",cleaned/cases/mainone_google_cloudflare_route_leak_2018.md,pending
mainone_google_cloudflare_route_leak_2018,How a Nigerian ISP Accidentally Knocked Google Offline,day_month_date,12 November 2018,How a Nigerian ISP Accidentally Knocked Google Offline 2018-11-15 Tom Paseka 4 min read Last Monday evening — 12 November 2018 — Google and a number of other services experienced a 74 minute outage. It’s not the first time this has happened ; and,cleaned/cases/mainone_google_cloudflare_route_leak_2018.md,pending
mainone_google_cloudflare_route_leak_2018,How a Nigerian ISP Accidentally Knocked Google Offline,iso_date,2018-11-15,Trust Speed & Reliability Life at Cloudflare Partners How a Nigerian ISP Accidentally Knocked Google Offline 2018-11-15 Tom Paseka 4 min read Last Monday evening — 12 November 2018 — Google and a number of other services experienced,cleaned/cases/mainone_google_cloudflare_route_leak_2018.md,pending
mainone_google_cloudflare_route_leak_2018,How a Nigerian ISP Accidentally Knocked Google Offline,month_date,"June 03, 2026","t best practices like BCP-38 . BGP Security Peering Outage Follow on X Cloudflare | @cloudflare Related posts June 03, 2026 Enforcing the First AS in BGP AS_PATHs BGP is vulnerable to routing hijacks and path leaks that negatively impact t",cleaned/cases/mainone_google_cloudflare_route_leak_2018.md,pending
mainone_google_cloudflare_route_leak_2018,How a Nigerian ISP Accidentally Knocked Google Offline,month_date,"May 06, 2026","n , Rian Islam Linux , Security , Incident Response , Kernel , Vulnerabilities , Mitigation , eBPF May 06, 2026 When DNSSEC goes wrong: how we responded to the .de TLD outage On May 5, 2026, DENIC published broken DNSSEC signat",cleaned/cases/mainone_google_cloudflare_route_leak_2018.md,pending
mainone_google_cloudflare_route_leak_2018,How a Nigerian ISP Accidentally Knocked Google Offline,month_date,"May 07, 2026",", Agents , Threat Intelligence , LLM , Risk Management , Threat Operations , Automation , Engineering May 07, 2026 How Cloudflare responded to the “Copy Fail” Linux vulnerability When a critical Linux kernel privilege escalation w",cleaned/cases/mainone_google_cloudflare_route_leak_2018.md,pending
mainone_google_cloudflare_route_leak_2018,How a Nigerian ISP Accidentally Knocked Google Offline,month_date,"May 18, 2026","y Bryton Herdes , Bryce Walters , Mingwei Zhang BGP , Routing , Routing Security , RPKI , Radar May 18, 2026 Project Glasswing: what Mythos showed us In recent weeks, we pointed Mythos and other security-focused LLMs at live",cleaned/cases/mainone_google_cloudflare_route_leak_2018.md,pending
mainone_google_cloudflare_route_leak_2018,How a Nigerian ISP Accidentally Knocked Google Offline,month_date,"May 5, 2026","bilities , Mitigation , eBPF May 06, 2026 When DNSSEC goes wrong: how we responded to the .de TLD outage On May 5, 2026, DENIC published broken DNSSEC signatures for the .de TLD, making millions of domains unreachable. Here's what 1.1.1.1",cleaned/cases/mainone_google_cloudflare_route_leak_2018.md,pending
mainone_google_cloudflare_route_leak_2018,How a Nigerian ISP Accidentally Knocked Google Offline,month_date,"November 13, 2018","action. Thankfully our systems detected it and mitigated it! pic.twitter.com/qFiDkrn2Kd — Jerome Fleury (@Jerome_UZ) November 13, 2018 Some more information about Cloudflare’s Auto Remediation system: https://blog.cloudflare.com/the-internet-is-hostile",cleaned/cases/mainone_google_cloudflare_route_leak_2018.md,pending
mainone_google_cloudflare_route_leak_2018,How a Nigerian ISP Accidentally Knocked Google Offline,utc_time,21:12 UTC,"just how much frailty is involved in how packets get from one point on the Internet to another. Our logs show that at 21:12 UTC on Monday, a Nigerian ISP, MainOne, accidentally misconfigured part of their network causing a ""route leak"". This resul",cleaned/cases/mainone_google_cloudflare_route_leak_2018.md,pending
manrs_bgp_2020_review,"BGP, RPKI, and MANRS: 2020 in review",asn,AS10990,"ack events, including three major incidents: April — Rostelecom (AS12389) hijack July — ATLDC – Tulix Systems, Inc (AS10990) hijack September — Telstra (AS1221) hijack Figure 1 — BGP hijacks in 2020. BGP Leaks Another category of event",cleaned/cases/manrs_bgp_2020_review.md,pending
manrs_bgp_2020_review,"BGP, RPKI, and MANRS: 2020 in review",asn,AS1221,"ents: April — Rostelecom (AS12389) hijack July — ATLDC – Tulix Systems, Inc (AS10990) hijack September — Telstra (AS1221) hijack Figure 1 — BGP hijacks in 2020. BGP Leaks Another category of events is BGP leaks. In 2020, there were 1,",cleaned/cases/manrs_bgp_2020_review.md,pending
manrs_bgp_2020_review,"BGP, RPKI, and MANRS: 2020 in review",asn,AS12389,"n 2020, BGPStream collectors identified 2,477 BGP hijack events, including three major incidents: April — Rostelecom (AS12389) hijack July — ATLDC – Tulix Systems, Inc (AS10990) hijack September — Telstra (AS1221) hijack Figure 1 — BGP hij",cleaned/cases/manrs_bgp_2020_review.md,pending
manrs_bgp_2020_review,"BGP, RPKI, and MANRS: 2020 in review",asn,AS17639,"of events is BGP leaks. In 2020, there were 1,396 events identified as leaks, including two major incidents: CONVERGE-AS17639 Converge ICT Solutions (PH) leaking prefixes from Korea CONVERGE-AS17639 Converge ICT Solutions (PH) leaking prefixes",cleaned/cases/manrs_bgp_2020_review.md,pending
manrs_regional_bgp_incidents_2020,A Regional Look into BGP Incidents in 2020,asn,AS10990,"462 had no dependent networks, but during the leak, 72 Autonomous Systems were rerouted through it. On July 30, 2020, AS10990 (ATLDC – Tulix Systems, Inc.) started announcing invalid prefixes several times . These erroneous announcements lasted",cleaned/cases/manrs_regional_bgp_incidents_2020.md,pending
manrs_regional_bgp_incidents_2020,A Regional Look into BGP Incidents in 2020,asn,AS1221,"all from Western Asia. The incident lasted for more than four hours, repeating several times. On September 29, 2020, AS1221 (Telstra) announced almost 500 prefixes in a BGP hijack event that affected 266 other ASNs in 50 countries, with the mo",cleaned/cases/manrs_regional_bgp_incidents_2020.md,pending
manrs_regional_bgp_incidents_2020,A Regional Look into BGP Incidents in 2020,asn,AS12389,"t with the big ones. The following are five of the most important routing incidents from last year: On April 1, 2020, AS12389 (Rostelecom) hijacked multiple prefixes from the largest cloud networks. For about an hour, the ISP announced prefixes",cleaned/cases/manrs_regional_bgp_incidents_2020.md,pending
manrs_regional_bgp_incidents_2020,A Regional Look into BGP Incidents in 2020,asn,AS264462,"to Akamai, Amazon AWS, Cloudflare, Digital Ocean, and Hetzner, among other famous names. On July 21, 2020, Brazilian AS264462 (“Comercial Conecte Sem Fio Ltda me”) leaked massive 13046 network prefixes in a networking incident that lasted for mo",cleaned/cases/manrs_regional_bgp_incidents_2020.md,pending
manrs_regional_bgp_incidents_2020,A Regional Look into BGP Incidents in 2020,asn,AS42910,"ountries and 285 prefixes were affected. This hijack was likely caused by BGP optimizer software. On August 24, 2020, AS42910 (Premier DC) leaked 1403 prefixes , mainly from the United States (including Akamai prefixes) and then almost all from",cleaned/cases/manrs_regional_bgp_incidents_2020.md,pending
manrs_regional_bgp_incidents_2020,A Regional Look into BGP Incidents in 2020,day_month_date,31 May 2023,Link? MANRS+ survey [Survey] Is Your Connectivity Provider Your Weakest Security Link? By Andrei Robachevsky 31 May 2023 MANRS in the news: ISOC MANRS – el manifiesto de ruteo seguro MANRS in the news: ISOC MANRS – el manifiesto de rute,cleaned/cases/manrs_regional_bgp_incidents_2020.md,pending
manrs_regional_bgp_incidents_2020,A Regional Look into BGP Incidents in 2020,month_date,"April 1, 2020","e. Let’s start with the big ones. The following are five of the most important routing incidents from last year: On April 1, 2020, AS12389 (Rostelecom) hijacked multiple prefixes from the largest cloud networks. For about an hour, the ISP announced",cleaned/cases/manrs_regional_bgp_incidents_2020.md,pending
manrs_regional_bgp_incidents_2020,A Regional Look into BGP Incidents in 2020,month_date,"August 24, 2020","nd in total six countries and 285 prefixes were affected. This hijack was likely caused by BGP optimizer software. On August 24, 2020, AS42910 (Premier DC) leaked 1403 prefixes , mainly from the United States (including Akamai prefixes) and then almost",cleaned/cases/manrs_regional_bgp_incidents_2020.md,pending
manrs_regional_bgp_incidents_2020,A Regional Look into BGP Incidents in 2020,month_date,"July 21, 2020","ounced prefixes belonging to Akamai, Amazon AWS, Cloudflare, Digital Ocean, and Hetzner, among other famous names. On July 21, 2020, Brazilian AS264462 (“Comercial Conecte Sem Fio Ltda me”) leaked massive 13046 network prefixes in a networking inciden",cleaned/cases/manrs_regional_bgp_incidents_2020.md,pending
manrs_regional_bgp_incidents_2020,A Regional Look into BGP Incidents in 2020,month_date,"July 30, 2020","one hour. AS264462 had no dependent networks, but during the leak, 72 Autonomous Systems were rerouted through it. On July 30, 2020, AS10990 (ATLDC – Tulix Systems, Inc.) started announcing invalid prefixes several times . These erroneous announcement",cleaned/cases/manrs_regional_bgp_incidents_2020.md,pending
manrs_regional_bgp_incidents_2020,A Regional Look into BGP Incidents in 2020,month_date,"September 29, 2020","xes) and then almost all from Western Asia. The incident lasted for more than four hours, repeating several times. On September 29, 2020, AS1221 (Telstra) announced almost 500 prefixes in a BGP hijack event that affected 266 other ASNs in 50 countries, wit",cleaned/cases/manrs_regional_bgp_incidents_2020.md,pending
youtube_hijack_google_2008,YouTube Hijacking Analysis of BGP Routing Dynamics,asn,AS17557,"n, University of Roma Tre (2008) Download Google Scholar Abstract On Sunday, 24 February 2008, Pakistan Telecom (AS17557 ) started an unauthorized announcement of the prefix 208.65.153.0/24. One of Pakistan Telecom’s upstream providers, PCC",cleaned/cases/youtube_hijack_google_2008.md,pending
youtube_hijack_google_2008,YouTube Hijacking Analysis of BGP Routing Dynamics,asn,AS3491,"an unauthorized announcement of the prefix 208.65.153.0/24. One of Pakistan Telecom’s upstream providers, PCCW Global (AS3491 ) forwarded this announcement to the rest of the Internet, which resulted in the hijacking of YouTube traffic on a glob",cleaned/cases/youtube_hijack_google_2008.md,pending
youtube_hijack_google_2008,YouTube Hijacking Analysis of BGP Routing Dynamics,day_month_date,24 February 2008,"t. of Computer Science and Automation, University of Roma Tre (2008) Download Google Scholar Abstract On Sunday, 24 February 2008, Pakistan Telecom (AS17557 ) started an unauthorized announcement of the prefix 208.65.153.0/24. One of Pakistan Teleco",cleaned/cases/youtube_hijack_google_2008.md,pending
youtube_hijack_google_2008,YouTube Hijacking Analysis of BGP Routing Dynamics,ipv4_prefix,208.65.153.0/24,"Abstract On Sunday, 24 February 2008, Pakistan Telecom (AS17557 ) started an unauthorized announcement of the prefix 208.65.153.0/24. One of Pakistan Telecom’s upstream providers, PCCW Global (AS3491 ) forwarded this announcement to the rest of the Int",cleaned/cases/youtube_hijack_google_2008.md,pending
youtube_hijack_google_2008,YouTube Hijacking Analysis of BGP Routing Dynamics,month_date,February 24th 2008,# YouTube Hijacking (February 24th 2008) Analysis of BGP Routing Dynamics YouTube Hijacking (February 24th 2008) Analysis of BGP Routing Dynamics Skip to ma,cleaned/cases/youtube_hijack_google_2008.md,pending
