session_item_id,session_id,session_order,within_session_order,global_review_order,entity_id,entity_type,display_name,review_batch,review_bucket,review_status,review_decision,application_status,queue_status,source_refs,cleaned_paths,parsed_paths,top_extract_ids,top_chunk_ids,top_match_scores,decision_input_path,next_step,needs_llm,generated_by
review_session_item_0001,review_session_001,1,1,1,field_aggregator,DataField,aggregator,01_ready_without_manual_note,ready_without_manual_note,approved,approved,ready_to_apply,ready_to_apply,rfc4271,cleaned/standards/rfc4271.md,parsed/standards/rfc4271.json,extract_field_aggregator_01|extract_field_aggregator_02|extract_field_aggregator_03,rfc4271_s026_4_002|rfc4271_s076_10_003|rfc4271_s021_2_002,12|12|10,review_inputs/human_review_decisions.csv,显式运行 scripts/apply_human_review_decisions.py 前，人工再次确认该决策。,False,scripts/build_human_review_session_queue.py
review_session_item_0002,review_session_001,1,2,2,datasource_aspa,DataSource,ASPA,01_ready_without_manual_note,ready_without_manual_note,approved,approved,ready_to_apply,ready_to_apply,arin_aspa_doc|ripe_aspa_doc|rfc6480,cleaned/data_docs/arin_aspa_doc.md|cleaned/data_docs/ripe_aspa_doc.md|cleaned/standards/rfc6480.md,parsed/data_docs/arin_aspa_doc.json|parsed/data_docs/ripe_aspa_doc.json|parsed/standards/rfc6480.json,extract_datasource_aspa_01|extract_datasource_aspa_02|extract_datasource_aspa_03,arin_aspa_doc_s001_full_002|arin_aspa_doc_s001_full_001|arin_aspa_doc_s001_full_004,13|9|9,review_inputs/human_review_decisions.csv,显式运行 scripts/apply_human_review_decisions.py 前，人工再次确认该决策。,False,scripts/build_human_review_session_queue.py
review_session_item_0003,review_session_001,1,3,3,mechanism_aspa_path_verification,RoutingMechanism,ASPA Path Verification,01_ready_without_manual_note,ready_without_manual_note,approved,approved,ready_to_apply,ready_to_apply,arin_aspa_doc|ripe_aspa_doc,cleaned/data_docs/arin_aspa_doc.md|cleaned/data_docs/ripe_aspa_doc.md,parsed/data_docs/arin_aspa_doc.json|parsed/data_docs/ripe_aspa_doc.json,extract_mechanism_aspa_path_verification_01|extract_mechanism_aspa_path_verification_02|extract_mechanism_aspa_path_verification_03,ripe_aspa_doc_s001_full_007|ripe_aspa_doc_s001_full_008|ripe_aspa_doc_s001_full_009,14|11|11,review_inputs/human_review_decisions.csv,显式运行 scripts/apply_human_review_decisions.py 前，人工再次确认该决策。,False,scripts/build_human_review_session_queue.py
review_session_item_0004,review_session_001,1,4,4,field_asrank_rank,DataField,asrank_rank,01_ready_without_manual_note,ready_without_manual_note,approved,approved,ready_to_apply,ready_to_apply,caida_asrank_api,cleaned/data_docs/caida_asrank_api.md,parsed/data_docs/caida_asrank_api.json,extract_field_asrank_rank_01|extract_field_asrank_rank_02|extract_field_asrank_rank_03,caida_asrank_api_s001_full_001|caida_asrank_api_s001_full_002|caida_asrank_api_s001_full_005,12|6|6,review_inputs/human_review_decisions.csv,显式运行 scripts/apply_human_review_decisions.py 前，人工再次确认该决策。,False,scripts/build_human_review_session_queue.py
review_session_item_0005,review_session_001,1,5,5,field_asrank_relationship,DataField,asrank_relationship,01_ready_without_manual_note,ready_without_manual_note,approved,approved,ready_to_apply,ready_to_apply,caida_asrank_api|caida_as_relationships,cleaned/data_docs/caida_as_relationships.md|cleaned/data_docs/caida_asrank_api.md,parsed/data_docs/caida_as_relationships.json|parsed/data_docs/caida_asrank_api.json,extract_field_asrank_relationship_01|extract_field_asrank_relationship_02|extract_field_asrank_relationship_03,caida_as_relationships_s001_full_011|caida_as_relationships_s001_full_007|caida_as_relationships_s001_full_005,9|8|7,review_inputs/human_review_decisions.csv,显式运行 scripts/apply_human_review_decisions.py 前，人工再次确认该决策。,False,scripts/build_human_review_session_queue.py
review_session_item_0006,review_session_001,1,6,6,field_atomic_aggregate,DataField,atomic_aggregate,01_ready_without_manual_note,ready_without_manual_note,approved,approved,ready_to_apply,ready_to_apply,rfc4271,cleaned/standards/rfc4271.md,parsed/standards/rfc4271.json,extract_field_atomic_aggregate_01|extract_field_atomic_aggregate_02|extract_field_atomic_aggregate_03,rfc4271_s073_9_2_2_2_003|rfc4271_s026_4_002|rfc4271_s033_5_1_6_001,9|8|8,review_inputs/human_review_decisions.csv,显式运行 scripts/apply_human_review_decisions.py 前，人工再次确认该决策。,False,scripts/build_human_review_session_queue.py
review_session_item_0007,review_session_001,1,7,7,mechanism_bgp_decision_process,RoutingMechanism,BGP Decision Process,01_ready_without_manual_note,ready_without_manual_note,approved,approved,ready_to_apply,ready_to_apply,rfc4271,cleaned/standards/rfc4271.md,parsed/standards/rfc4271.json,extract_mechanism_bgp_decision_process_01|extract_mechanism_bgp_decision_process_02|extract_mechanism_bgp_decision_process_03,rfc4271_s060_9_1_001|rfc4271_s011_3_2_001|rfc4271_s062_9_1_2_001,13|11|10,review_inputs/human_review_decisions.csv,显式运行 scripts/apply_human_review_decisions.py 前，人工再次确认该决策。,False,scripts/build_human_review_session_queue.py
review_session_item_0008,review_session_001,1,8,8,mechanism_rib_model,RoutingMechanism,BGP RIB Model,01_ready_without_manual_note,ready_without_manual_note,approved,approved,ready_to_apply,ready_to_apply,rfc4271|ripe_ris_raw_data|routeviews_archive_index,cleaned/data_docs/ripe_ris_raw_data.md|cleaned/data_docs/routeviews_archive_index.md|cleaned/standards/rfc4271.md,parsed/data_docs/ripe_ris_raw_data.json|parsed/data_docs/routeviews_archive_index.json|parsed/standards/rfc4271.json,extract_mechanism_rib_model_01|extract_mechanism_rib_model_02|extract_mechanism_rib_model_03,rfc4271_s011_3_2_001|rfc4271_s006_1_1_001|rfc4271_s006_1_1_002,14|10|10,review_inputs/human_review_decisions.csv,显式运行 scripts/apply_human_review_decisions.py 前，人工再次确认该决策。,False,scripts/build_human_review_session_queue.py
review_session_item_0009,review_session_001,1,9,9,mechanism_route_leak_roles_otc,RoutingMechanism,BGP Roles and OTC Route Leak Prevention,01_ready_without_manual_note,ready_without_manual_note,approved,approved,ready_to_apply,ready_to_apply,rfc9234,cleaned/standards/rfc9234.md,parsed/standards/rfc9234.json,extract_mechanism_route_leak_roles_otc_01|extract_mechanism_route_leak_roles_otc_02|extract_mechanism_route_leak_roles_otc_03,rfc9234_s014_2_001|rfc9234_s018_8_001|rfc9234_s009_5_001,16|16|15,review_inputs/human_review_decisions.csv,显式运行 scripts/apply_human_review_decisions.py 前，人工再次确认该决策。,False,scripts/build_human_review_session_queue.py
review_session_item_0010,review_session_001,1,10,10,mechanism_update_withdrawal,RoutingMechanism,BGP Update and Withdrawal Propagation,01_ready_without_manual_note,ready_without_manual_note,approved,approved,ready_to_apply,ready_to_apply,rfc4271|ripe_ris_raw_data|bgpstream_docs,cleaned/data_docs/bgpstream_docs.md|cleaned/data_docs/ripe_ris_raw_data.md|cleaned/standards/rfc4271.md,parsed/data_docs/bgpstream_docs.json|parsed/data_docs/ripe_ris_raw_data.json|parsed/standards/rfc4271.json,extract_mechanism_update_withdrawal_01|extract_mechanism_update_withdrawal_02|extract_mechanism_update_withdrawal_03,rfc4271_s010_3_1_001|rfc4271_s059_9_001|rfc4271_s069_9_2_1_1_001,12|11|8,review_inputs/human_review_decisions.csv,显式运行 scripts/apply_human_review_decisions.py 前，人工再次确认该决策。,False,scripts/build_human_review_session_queue.py
review_session_item_0011,review_session_002,2,1,11,field_bgp_identifier,DataField,bgp_identifier,01_ready_without_manual_note,ready_without_manual_note,approved,approved,ready_to_apply,ready_to_apply,rfc4271,cleaned/standards/rfc4271.md,parsed/standards/rfc4271.json,extract_field_bgp_identifier_01|extract_field_bgp_identifier_02|extract_field_bgp_identifier_03,rfc4271_s021_2_002|rfc4271_s014_4_2_001|rfc4271_s014_4_2_002,8|6|6,review_inputs/human_review_decisions.csv,显式运行 scripts/apply_human_review_decisions.py 前，人工再次确认该决策。,False,scripts/build_human_review_session_queue.py
review_session_item_0012,review_session_002,2,2,12,field_bgp_role,DataField,bgp_role,01_ready_without_manual_note,ready_without_manual_note,approved,approved,ready_to_apply,ready_to_apply,rfc9234,cleaned/standards/rfc9234.md,parsed/standards/rfc9234.json,extract_field_bgp_role_01|extract_field_bgp_role_02|extract_field_bgp_role_03,rfc9234_s006_4_001|rfc9234_s002_1_001|rfc9234_s007_4_1_001,14|11|11,review_inputs/human_review_decisions.csv,显式运行 scripts/apply_human_review_decisions.py 前，人工再次确认该决策。,False,scripts/build_human_review_session_queue.py
review_session_item_0013,review_session_002,2,3,13,mechanism_bgpsec_path_validation,RoutingMechanism,BGPsec Path Validation,01_ready_without_manual_note,ready_without_manual_note,approved,approved,ready_to_apply,ready_to_apply,rfc8205|rfc6480,cleaned/standards/rfc6480.md|cleaned/standards/rfc8205.md,parsed/standards/rfc6480.json|parsed/standards/rfc8205.json,extract_mechanism_bgpsec_path_validation_01|extract_mechanism_bgpsec_path_validation_02|extract_mechanism_bgpsec_path_validation_03,rfc6480_s002_1_003|rfc6480_s007_2_3_001|rfc6480_s008_2_4_001,7|7|7,review_inputs/human_review_decisions.csv,显式运行 scripts/apply_human_review_decisions.py 前，人工再次确认该决策。,False,scripts/build_human_review_session_queue.py
review_session_item_0014,review_session_002,2,4,14,datasource_caida_asrank,DataSource,CAIDA ASRank,01_ready_without_manual_note,ready_without_manual_note,approved,approved,ready_to_apply,ready_to_apply,caida_asrank_api|caida_as_relationships,cleaned/data_docs/caida_as_relationships.md|cleaned/data_docs/caida_asrank_api.md,parsed/data_docs/caida_as_relationships.json|parsed/data_docs/caida_asrank_api.json,extract_datasource_caida_asrank_01|extract_datasource_caida_asrank_02|extract_datasource_caida_asrank_03,caida_as_relationships_s001_full_011|caida_as_relationships_s001_full_013|caida_as_relationships_s001_full_008,12|11|10,review_inputs/human_review_decisions.csv,显式运行 scripts/apply_human_review_decisions.py 前，人工再次确认该决策。,False,scripts/build_human_review_session_queue.py
review_session_item_0015,review_session_002,2,5,15,field_customer_cone_asns,DataField,customer_cone_asns,01_ready_without_manual_note,ready_without_manual_note,approved,approved,ready_to_apply,ready_to_apply,caida_asrank_api|caida_as_relationships,cleaned/data_docs/caida_as_relationships.md|cleaned/data_docs/caida_asrank_api.md,parsed/data_docs/caida_as_relationships.json|parsed/data_docs/caida_asrank_api.json,extract_field_customer_cone_asns_01|extract_field_customer_cone_asns_02|extract_field_customer_cone_asns_03,caida_as_relationships_s001_full_007|caida_as_relationships_s001_full_009|caida_as_relationships_s001_full_011,9|9|9,review_inputs/human_review_decisions.csv,显式运行 scripts/apply_human_review_decisions.py 前，人工再次确认该决策。,False,scripts/build_human_review_session_queue.py
review_session_item_0016,review_session_002,2,6,16,field_hold_time,DataField,hold_time,01_ready_without_manual_note,ready_without_manual_note,approved,approved,ready_to_apply,ready_to_apply,rfc4271,cleaned/standards/rfc4271.md,parsed/standards/rfc4271.json,extract_field_hold_time_01|extract_field_hold_time_02|extract_field_hold_time_03,rfc4271_s024_6_001|rfc4271_s081_6_009|rfc4271_s040_6_5_001,6|6|5,review_inputs/human_review_decisions.csv,显式运行 scripts/apply_human_review_decisions.py 前，人工再次确认该决策。,False,scripts/build_human_review_session_queue.py
review_session_item_0017,review_session_002,2,7,17,field_local_pref,DataField,local_pref,01_ready_without_manual_note,ready_without_manual_note,approved,approved,ready_to_apply,ready_to_apply,rfc4271,cleaned/standards/rfc4271.md,parsed/standards/rfc4271.json,extract_field_local_pref_01|extract_field_local_pref_02|extract_field_local_pref_03,rfc4271_s021_2_001|rfc4271_s026_4_002|rfc4271_s032_5_1_5_001,8|7|7,review_inputs/human_review_decisions.csv,显式运行 scripts/apply_human_review_decisions.py 前，人工再次确认该决策。,False,scripts/build_human_review_session_queue.py
review_session_item_0018,review_session_002,2,8,18,field_med,DataField,med,01_ready_without_manual_note,ready_without_manual_note,approved,approved,ready_to_apply,ready_to_apply,rfc4271,cleaned/standards/rfc4271.md,parsed/standards/rfc4271.json,extract_field_med_01|extract_field_med_02|extract_field_med_03,rfc4271_s038_6_3_003|rfc4271_s006_1_1_002|rfc4271_s076_10_003,8|7|7,review_inputs/human_review_decisions.csv,显式运行 scripts/apply_human_review_decisions.py 前，人工再次确认该决策。,False,scripts/build_human_review_session_queue.py
review_session_item_0019,review_session_002,2,9,19,field_mrt_file_type,DataField,mrt_file_type,01_ready_without_manual_note,ready_without_manual_note,approved,approved,ready_to_apply,ready_to_apply,ripe_ris_raw_data|routeviews_archive_index,cleaned/data_docs/ripe_ris_raw_data.md|cleaned/data_docs/routeviews_archive_index.md,parsed/data_docs/ripe_ris_raw_data.json|parsed/data_docs/routeviews_archive_index.json,extract_field_mrt_file_type_01|extract_field_mrt_file_type_02|extract_field_mrt_file_type_03,ripe_ris_raw_data_s001_full_001|routeviews_archive_index_s001_full_001|routeviews_archive_index_s001_full_004,11|9|9,review_inputs/human_review_decisions.csv,显式运行 scripts/apply_human_review_decisions.py 前，人工再次确认该决策。,False,scripts/build_human_review_session_queue.py
review_session_item_0020,review_session_002,2,10,20,field_next_hop,DataField,next_hop,01_ready_without_manual_note,ready_without_manual_note,approved,approved,ready_to_apply,ready_to_apply,rfc4271,cleaned/standards/rfc4271.md,parsed/standards/rfc4271.json,extract_field_next_hop_01|extract_field_next_hop_02|extract_field_next_hop_03,rfc4271_s026_4_002|rfc4271_s038_6_3_002|rfc4271_s021_2_001,12|11|10,review_inputs/human_review_decisions.csv,显式运行 scripts/apply_human_review_decisions.py 前，人工再次确认该决策。,False,scripts/build_human_review_session_queue.py
review_session_item_0021,review_session_003,3,1,21,field_nlri,DataField,nlri,01_ready_without_manual_note,ready_without_manual_note,approved,approved,ready_to_apply,ready_to_apply,rfc4271,cleaned/standards/rfc4271.md,parsed/standards/rfc4271.json,extract_field_nlri_01|extract_field_nlri_02|extract_field_nlri_03,rfc4271_s021_2_003|rfc4271_s010_3_1_001|rfc4271_s015_4_3_001,18|17|13,review_inputs/human_review_decisions.csv,显式运行 scripts/apply_human_review_decisions.py 前，人工再次确认该决策。,False,scripts/build_human_review_session_queue.py
review_session_item_0022,review_session_003,3,2,22,field_origin_attribute,DataField,origin_attribute,01_ready_without_manual_note,ready_without_manual_note,approved,approved,ready_to_apply,ready_to_apply,rfc4271,cleaned/standards/rfc4271.md,parsed/standards/rfc4271.json,extract_field_origin_attribute_01|extract_field_origin_attribute_02|extract_field_origin_attribute_03,rfc4271_s015_4_3_002|rfc4271_s024_6_001|rfc4271_s021_2_002,10|10|9,review_inputs/human_review_decisions.csv,显式运行 scripts/apply_human_review_decisions.py 前，人工再次确认该决策。,False,scripts/build_human_review_session_queue.py
review_session_item_0023,review_session_003,3,3,23,field_otc_attribute,DataField,otc_attribute,01_ready_without_manual_note,ready_without_manual_note,approved,approved,ready_to_apply,ready_to_apply,rfc9234,cleaned/standards/rfc9234.md,parsed/standards/rfc9234.json,extract_field_otc_attribute_01|extract_field_otc_attribute_02|extract_field_otc_attribute_03,rfc9234_s018_8_001|rfc9234_s009_5_001|rfc9234_s014_2_001,9|8|8,review_inputs/human_review_decisions.csv,显式运行 scripts/apply_human_review_decisions.py 前，人工再次确认该决策。,False,scripts/build_human_review_session_queue.py
review_session_item_0024,review_session_003,3,4,24,field_path_attributes,DataField,path_attributes,01_ready_without_manual_note,ready_without_manual_note,approved,approved,ready_to_apply,ready_to_apply,rfc4271,cleaned/standards/rfc4271.md,parsed/standards/rfc4271.json,extract_field_path_attributes_01|extract_field_path_attributes_02|extract_field_path_attributes_03,rfc4271_s026_4_002|rfc4271_s010_3_1_001|rfc4271_s015_4_3_003,13|10|10,review_inputs/human_review_decisions.csv,显式运行 scripts/apply_human_review_decisions.py 前，人工再次确认该决策。,False,scripts/build_human_review_session_queue.py
review_session_item_0025,review_session_003,3,5,25,datasource_peeringdb,DataSource,PeeringDB,01_ready_without_manual_note,ready_without_manual_note,approved,approved,ready_to_apply,ready_to_apply,peeringdb_api_docs,cleaned/data_docs/peeringdb_api_docs.md,parsed/data_docs/peeringdb_api_docs.json,extract_datasource_peeringdb_01|extract_datasource_peeringdb_02|extract_datasource_peeringdb_03,peeringdb_api_docs_s002_paths_033|peeringdb_api_docs_s002_paths_106|peeringdb_api_docs_s002_paths_170,9|9|9,review_inputs/human_review_decisions.csv,显式运行 scripts/apply_human_review_decisions.py 前，人工再次确认该决策。,False,scripts/build_human_review_session_queue.py
review_session_item_0026,review_session_003,3,6,26,datasource_ripestat,DataSource,RIPEstat Data API,01_ready_without_manual_note,ready_without_manual_note,approved,approved,ready_to_apply,ready_to_apply,ripestat_api_docs|ripe_ris_docs,cleaned/data_docs/ripe_ris_docs.md|cleaned/data_docs/ripestat_api_docs.md,parsed/data_docs/ripe_ris_docs.json|parsed/data_docs/ripestat_api_docs.json,extract_datasource_ripestat_01|extract_datasource_ripestat_02|extract_datasource_ripestat_03,ripestat_api_docs_s001_full_001|ripestat_api_docs_s001_full_003|ripestat_api_docs_s001_full_004,14|8|8,review_inputs/human_review_decisions.csv,显式运行 scripts/apply_human_review_decisions.py 前，人工再次确认该决策。,False,scripts/build_human_review_session_queue.py
review_session_item_0027,review_session_003,3,7,27,field_routeviews_endpoint,DataField,routeviews_endpoint,01_ready_without_manual_note,ready_without_manual_note,approved,approved,ready_to_apply,ready_to_apply,routeviews_api_doc,cleaned/data_docs/routeviews_api_doc.md,parsed/data_docs/routeviews_api_doc.json,extract_field_routeviews_endpoint_01|extract_field_routeviews_endpoint_02|extract_field_routeviews_endpoint_03,routeviews_api_doc_s001_full_011|routeviews_api_doc_s001_full_019|routeviews_api_doc_s001_full_020,8|8|8,review_inputs/human_review_decisions.csv,显式运行 scripts/apply_human_review_decisions.py 前，人工再次确认该决策。,False,scripts/build_human_review_session_queue.py
review_session_item_0028,review_session_003,3,8,28,mechanism_rpki_to_router_delivery,RoutingMechanism,RPKI-to-Router Delivery,01_ready_without_manual_note,ready_without_manual_note,approved,approved,ready_to_apply,ready_to_apply,rfc8210|rfc6480,cleaned/standards/rfc6480.md|cleaned/standards/rfc8210.md,parsed/standards/rfc6480.json|parsed/standards/rfc8210.json,extract_mechanism_rpki_to_router_delivery_01|extract_mechanism_rpki_to_router_delivery_02|extract_mechanism_rpki_to_router_delivery_03,rfc6480_s010_3_1_001|rfc6480_s012_4_001|rfc6480_s002_1_001,7|7|5,review_inputs/human_review_decisions.csv,显式运行 scripts/apply_human_review_decisions.py 前，人工再次确认该决策。,False,scripts/build_human_review_session_queue.py
review_session_item_0029,review_session_003,3,9,29,field_rpki_rtr_pdu,DataField,rpki_rtr_pdu,01_ready_without_manual_note,ready_without_manual_note,approved,approved,ready_to_apply,ready_to_apply,rfc8210,cleaned/standards/rfc8210.md,parsed/standards/rfc8210.json,extract_field_rpki_rtr_pdu_01|extract_field_rpki_rtr_pdu_02|extract_field_rpki_rtr_pdu_03,rfc8210_s002_1_001|rfc8210_s013_5_5_001|rfc8210_s038_14_001,11|10|10,review_inputs/human_review_decisions.csv,显式运行 scripts/apply_human_review_decisions.py 前，人工再次确认该决策。,False,scripts/build_human_review_session_queue.py
review_session_item_0030,review_session_003,3,10,30,field_ris_rrc,DataField,rrc,01_ready_without_manual_note,ready_without_manual_note,approved,approved,ready_to_apply,ready_to_apply,ripe_ris_docs|ripe_ris_route_collectors|ripe_ris_raw_data,cleaned/data_docs/ripe_ris_docs.md|cleaned/data_docs/ripe_ris_raw_data.md|cleaned/data_docs/ripe_ris_route_collectors.md,parsed/data_docs/ripe_ris_docs.json|parsed/data_docs/ripe_ris_raw_data.json|parsed/data_docs/ripe_ris_route_collectors.json,extract_field_ris_rrc_01|extract_field_ris_rrc_02|extract_field_ris_rrc_03,ripe_ris_raw_data_s001_full_001|ripe_ris_route_collectors_s001_full_001|ripe_ris_route_collectors_s001_full_003,10|10|10,review_inputs/human_review_decisions.csv,显式运行 scripts/apply_human_review_decisions.py 前，人工再次确认该决策。,False,scripts/build_human_review_session_queue.py
review_session_item_0031,review_session_004,4,1,31,field_vrp_asn,DataField,vrp_asn,01_ready_without_manual_note,ready_without_manual_note,approved,approved,ready_to_apply,ready_to_apply,rfc6811,cleaned/standards/rfc6811.md,parsed/standards/rfc6811.json,extract_field_vrp_asn_01|extract_field_vrp_asn_02|extract_field_vrp_asn_03,rfc6811_s003_2_001|rfc6811_s001_1_001|rfc6811_s001_1_002,10|8|7,review_inputs/human_review_decisions.csv,显式运行 scripts/apply_human_review_decisions.py 前，人工再次确认该决策。,False,scripts/build_human_review_session_queue.py
review_session_item_0032,review_session_004,4,2,32,field_vrp_max_length,DataField,vrp_max_length,01_ready_without_manual_note,ready_without_manual_note,approved,approved,ready_to_apply,ready_to_apply,rfc6811,cleaned/standards/rfc6811.md,parsed/standards/rfc6811.json,extract_field_vrp_max_length_01|extract_field_vrp_max_length_02|extract_field_vrp_max_length_03,rfc6811_s003_2_001|rfc6811_s003_2_002|rfc6811_s004_2_1_001,13|10|8,review_inputs/human_review_decisions.csv,显式运行 scripts/apply_human_review_decisions.py 前，人工再次确认该决策。,False,scripts/build_human_review_session_queue.py
review_session_item_0033,review_session_004,4,3,33,field_vrp_prefix,DataField,vrp_prefix,01_ready_without_manual_note,ready_without_manual_note,approved,approved,ready_to_apply,ready_to_apply,rfc6811,cleaned/standards/rfc6811.md,parsed/standards/rfc6811.json,extract_field_vrp_prefix_01|extract_field_vrp_prefix_02|extract_field_vrp_prefix_03,rfc6811_s003_2_001|rfc6811_s003_2_002|rfc6811_s003_2_003,12|9|6,review_inputs/human_review_decisions.csv,显式运行 scripts/apply_human_review_decisions.py 前，人工再次确认该决策。,False,scripts/build_human_review_session_queue.py
review_session_item_0034,review_session_004,4,4,34,field_withdrawn_routes,DataField,withdrawn_routes,01_ready_without_manual_note,ready_without_manual_note,approved,approved,ready_to_apply,ready_to_apply,rfc4271,cleaned/standards/rfc4271.md,parsed/standards/rfc4271.json,extract_field_withdrawn_routes_01|extract_field_withdrawn_routes_02|extract_field_withdrawn_routes_03,rfc4271_s010_3_1_001|rfc4271_s059_9_001|rfc4271_s061_9_1_1_001,8|7|7,review_inputs/human_review_decisions.csv,显式运行 scripts/apply_human_review_decisions.py 前，人工再次确认该决策。,False,scripts/build_human_review_session_queue.py
review_session_item_0035,review_session_004,4,5,35,concept_announcement,BGPConcept,Announcement,02_ready_with_manual_note,ready_with_manual_note,approved,approved,ready_to_apply,ready_to_apply,rfc4271|context_2026,cleaned/standards/rfc4271.md,parsed/standards/rfc4271.json,extract_concept_announcement_01|extract_concept_announcement_02|extract_concept_announcement_03,context_2026_as_path_001|rfc4271_s005_1_001|rfc4271_s076_10_003,7|7|7,review_inputs/human_review_decisions.csv,显式运行 scripts/apply_human_review_decisions.py 前，人工再次确认该决策。,False,scripts/build_human_review_session_queue.py
review_session_item_0036,review_session_004,4,6,36,evidence_moas,EvidenceTemplate,anomaly_moas,02_ready_with_manual_note,ready_with_manual_note,approved,approved,ready_to_apply,ready_to_apply,rfc6811|context_2026,cleaned/standards/rfc6811.md,parsed/standards/rfc6811.json,extract_evidence_moas_01|extract_evidence_moas_02|extract_evidence_moas_03,context_2026_route_leak_001|context_2026_as_path_001|rfc6811_s001_1_001,3|2|2,review_inputs/human_review_decisions.csv,显式运行 scripts/apply_human_review_decisions.py 前，人工再次确认该决策。,False,scripts/build_human_review_session_queue.py
review_session_item_0037,review_session_004,4,7,37,evidence_origin_change,EvidenceTemplate,anomaly_origin_change,02_ready_with_manual_note,ready_with_manual_note,approved,approved,ready_to_apply,ready_to_apply,rfc6811|context_2026,cleaned/standards/rfc6811.md,parsed/standards/rfc6811.json,extract_evidence_origin_change_01|extract_evidence_origin_change_02|extract_evidence_origin_change_03,context_2026_route_leak_001|rfc6811_s001_1_001|rfc6811_s001_1_002,4|4|4,review_inputs/human_review_decisions.csv,显式运行 scripts/apply_human_review_decisions.py 前，人工再次确认该决策。,False,scripts/build_human_review_session_queue.py
review_session_item_0038,review_session_004,4,8,38,evidence_path_hijack,EvidenceTemplate,anomaly_path_hijack,02_ready_with_manual_note,ready_with_manual_note,approved,approved,ready_to_apply,ready_to_apply,rfc4271|bgpshield_2025|context_2026,cleaned/papers/bgpshield_2025.md|cleaned/standards/rfc4271.md,parsed/papers/bgpshield_2025.json|parsed/standards/rfc4271.json,extract_evidence_path_hijack_01|extract_evidence_path_hijack_02|extract_evidence_path_hijack_03,bgpshield_2025_s007_page_7_002|bgpshield_2025_s005_page_5_001|bgpshield_2025_s010_page_10_002,8|7|7,review_inputs/human_review_decisions.csv,显式运行 scripts/apply_human_review_decisions.py 前，人工再次确认该决策。,False,scripts/build_human_review_session_queue.py
review_session_item_0039,review_session_004,4,9,39,evidence_path_manipulation,EvidenceTemplate,anomaly_path_manipulation,02_ready_with_manual_note,ready_with_manual_note,approved,approved,ready_to_apply,ready_to_apply,rfc4271|bgpshield_2025|context_2026,cleaned/papers/bgpshield_2025.md|cleaned/standards/rfc4271.md,parsed/papers/bgpshield_2025.json|parsed/standards/rfc4271.json,extract_evidence_path_manipulation_01|extract_evidence_path_manipulation_02|extract_evidence_path_manipulation_03,bgpshield_2025_s004_page_4_002|bgpshield_2025_s007_page_7_002|bgpshield_2025_s008_page_8_001,4|4|4,review_inputs/human_review_decisions.csv,显式运行 scripts/apply_human_review_decisions.py 前，人工再次确认该决策。,False,scripts/build_human_review_session_queue.py
review_session_item_0040,review_session_004,4,10,40,evidence_prefix_hijack,EvidenceTemplate,anomaly_prefix_hijack,02_ready_with_manual_note,ready_with_manual_note,approved,approved,ready_to_apply,ready_to_apply,rfc6811|bear_2025|context_2026,cleaned/papers/bear_2025.md|cleaned/standards/rfc6811.md,parsed/papers/bear_2025.json|parsed/standards/rfc6811.json,extract_evidence_prefix_hijack_01|extract_evidence_prefix_hijack_02|extract_evidence_prefix_hijack_03,bear_2025_s001_page_1_001|bear_2025_s001_page_1_003|bear_2025_s002_page_2_001,1|1|1,review_inputs/human_review_decisions.csv,显式运行 scripts/apply_human_review_decisions.py 前，人工再次确认该决策。,False,scripts/build_human_review_session_queue.py
review_session_item_0041,review_session_005,5,1,41,evidence_prefix_outage,EvidenceTemplate,anomaly_prefix_outage,02_ready_with_manual_note,ready_with_manual_note,approved,approved,ready_to_apply,ready_to_apply,rfc4271|context_2026,cleaned/standards/rfc4271.md,parsed/standards/rfc4271.json,extract_evidence_prefix_outage_01|extract_evidence_prefix_outage_02|extract_evidence_prefix_outage_03,context_2026_route_leak_001|context_2026_as_path_001|context_2026_datasource_001,2|1|1,review_inputs/human_review_decisions.csv,显式运行 scripts/apply_human_review_decisions.py 前，人工再次确认该决策。,False,scripts/build_human_review_session_queue.py
review_session_item_0042,review_session_005,5,2,42,evidence_route_leak,EvidenceTemplate,anomaly_route_leak,02_ready_with_manual_note,ready_with_manual_note,approved,approved,ready_to_apply,ready_to_apply,rfc7908|rfc9234|beam_2024|context_2026,cleaned/papers/beam_2024.md|cleaned/standards/rfc7908.md|cleaned/standards/rfc9234.md,parsed/papers/beam_2024.json|parsed/standards/rfc7908.json|parsed/standards/rfc9234.json,extract_evidence_route_leak_01|extract_evidence_route_leak_02|extract_evidence_route_leak_03,beam_2024_s002_page_2_003|beam_2024_s003_page_3_001|beam_2024_s003_page_3_002,1|1|1,review_inputs/human_review_decisions.csv,显式运行 scripts/apply_human_review_decisions.py 前，人工再次确认该决策。,False,scripts/build_human_review_session_queue.py
review_session_item_0043,review_session_005,5,3,43,evidence_subprefix_hijack,EvidenceTemplate,anomaly_subprefix_hijack,02_ready_with_manual_note,ready_with_manual_note,approved,approved,ready_to_apply,ready_to_apply,rfc6811|context_2026,cleaned/standards/rfc6811.md,parsed/standards/rfc6811.json,extract_evidence_subprefix_hijack_01|extract_evidence_subprefix_hijack_02|extract_evidence_subprefix_hijack_03,context_2026_route_leak_001|context_2026_as_path_001|context_2026_datasource_001,2|1|1,review_inputs/human_review_decisions.csv,显式运行 scripts/apply_human_review_decisions.py 前，人工再次确认该决策。,False,scripts/build_human_review_session_queue.py
review_session_item_0044,review_session_005,5,4,44,concept_as,BGPConcept,AS,02_ready_with_manual_note,ready_with_manual_note,approved,approved,ready_to_apply,ready_to_apply,rfc4271|context_2026,cleaned/standards/rfc4271.md,parsed/standards/rfc4271.json,extract_concept_as_01|extract_concept_as_02|extract_concept_as_03,rfc4271_s009_3_002|rfc4271_s009_3_001|rfc4271_s015_4_3_001,8|7|7,review_inputs/human_review_decisions.csv,显式运行 scripts/apply_human_review_decisions.py 前，人工再次确认该决策。,False,scripts/build_human_review_session_queue.py
review_session_item_0045,review_session_005,5,5,45,concept_as_relationship,BGPConcept,AS Relationship,02_ready_with_manual_note,ready_with_manual_note,approved,approved,ready_to_apply,ready_to_apply,caida_as_relationships|rfc7908|context_2026,cleaned/data_docs/caida_as_relationships.md|cleaned/standards/rfc7908.md,parsed/data_docs/caida_as_relationships.json|parsed/standards/rfc7908.json,extract_concept_as_relationship_01|extract_concept_as_relationship_02|extract_concept_as_relationship_03,caida_as_relationships_s001_full_004|caida_as_relationships_s001_full_005|caida_as_relationships_s001_full_007,9|9|9,review_inputs/human_review_decisions.csv,显式运行 scripts/apply_human_review_decisions.py 前，人工再次确认该决策。,False,scripts/build_human_review_session_queue.py
review_session_item_0046,review_session_005,5,6,46,fp_as_relationship_error,FalsePositivePattern,AS relationship inference error,02_ready_with_manual_note,ready_with_manual_note,approved,approved,ready_to_apply,ready_to_apply,caida_as_relationships|rfc7908|context_2026,cleaned/data_docs/caida_as_relationships.md|cleaned/standards/rfc7908.md,parsed/data_docs/caida_as_relationships.json|parsed/standards/rfc7908.json,extract_fp_as_relationship_error_01|extract_fp_as_relationship_error_02|extract_fp_as_relationship_error_03,caida_as_relationships_s001_full_003|caida_as_relationships_s001_full_013|caida_as_relationships_s001_full_004,8|8|6,review_inputs/human_review_decisions.csv,显式运行 scripts/apply_human_review_decisions.py 前，人工再次确认该决策。,False,scripts/build_human_review_session_queue.py
review_session_item_0047,review_session_005,5,7,47,concept_as_path,BGPConcept,AS_PATH,02_ready_with_manual_note,ready_with_manual_note,approved,approved,ready_to_apply,ready_to_apply,rfc4271|bear_2025|context_2026,cleaned/papers/bear_2025.md|cleaned/standards/rfc4271.md,parsed/papers/bear_2025.json|parsed/standards/rfc4271.json,extract_concept_as_path_01|extract_concept_as_path_02|extract_concept_as_path_03,bear_2025_s003_page_3_001|bear_2025_s004_page_4_001|bear_2025_s005_page_5_001,10|6|6,review_inputs/human_review_decisions.csv,显式运行 scripts/apply_human_review_decisions.py 前，人工再次确认该决策。,False,scripts/build_human_review_session_queue.py
review_session_item_0048,review_session_005,5,8,48,field_as_path,DataField,as_path,02_ready_with_manual_note,ready_with_manual_note,approved,approved,ready_to_apply,ready_to_apply,rfc4271|bear_2025|context_2026,cleaned/papers/bear_2025.md|cleaned/standards/rfc4271.md,parsed/papers/bear_2025.json|parsed/standards/rfc4271.json,extract_field_as_path_01|extract_field_as_path_02|extract_field_as_path_03,bear_2025_s003_page_3_001|bear_2025_s004_page_4_001|bear_2025_s004_page_4_002,8|8|8,review_inputs/human_review_decisions.csv,显式运行 scripts/apply_human_review_decisions.py 前，人工再次确认该决策。,False,scripts/build_human_review_session_queue.py
review_session_item_0049,review_session_005,5,9,49,mechanism_as_path_prepending,RoutingMechanism,AS_PATH Prepending,02_ready_with_manual_note,ready_with_manual_note,approved,approved,ready_to_apply,ready_to_apply,rfc4271|context_2026,cleaned/standards/rfc4271.md,parsed/standards/rfc4271.json,extract_mechanism_as_path_prepending_01|extract_mechanism_as_path_prepending_02|extract_mechanism_as_path_prepending_03,context_2026_as_path_001|rfc4271_s009_3_002|rfc4271_s026_4_002,9|6|6,review_inputs/human_review_decisions.csv,显式运行 scripts/apply_human_review_decisions.py 前，人工再次确认该决策。,False,scripts/build_human_review_session_queue.py
review_session_item_0050,review_session_005,5,10,50,field_as_relationship_sequence,DataField,as_relationship_sequence,02_ready_with_manual_note,ready_with_manual_note,approved,approved,ready_to_apply,ready_to_apply,rfc7908|caida_as_relationships|context_2026,cleaned/data_docs/caida_as_relationships.md|cleaned/standards/rfc7908.md,parsed/data_docs/caida_as_relationships.json|parsed/standards/rfc7908.json,extract_field_as_relationship_sequence_01|extract_field_as_relationship_sequence_02|extract_field_as_relationship_sequence_03,caida_as_relationships_s001_full_005|caida_as_relationships_s001_full_012|caida_as_relationships_s001_full_001,6|6|5,review_inputs/human_review_decisions.csv,显式运行 scripts/apply_human_review_decisions.py 前，人工再次确认该决策。,False,scripts/build_human_review_session_queue.py
review_session_item_0051,review_session_006,6,1,51,concept_asn,BGPConcept,ASN,02_ready_with_manual_note,ready_with_manual_note,approved,approved,ready_to_apply,ready_to_apply,rfc4271|context_2026,cleaned/standards/rfc4271.md,parsed/standards/rfc4271.json,extract_concept_asn_01|extract_concept_asn_02|extract_concept_asn_03,rfc4271_s064_9_1_2_2_001|context_2026_as_path_001|rfc4271_s029_5_1_2_001,8|7|7,review_inputs/human_review_decisions.csv,显式运行 scripts/apply_human_review_decisions.py 前，人工再次确认该决策。,False,scripts/build_human_review_session_queue.py
review_session_item_0052,review_session_006,6,2,52,paper_method_bear,PaperMethod,BEAR: BGP Event Analysis and Reporting,02_ready_with_manual_note,ready_with_manual_note,approved,approved,ready_to_apply,ready_to_apply,bear_2025|context_2026,cleaned/papers/bear_2025.md,parsed/papers/bear_2025.json,extract_paper_method_bear_01|extract_paper_method_bear_02|extract_paper_method_bear_03,bear_2025_s002_page_2_003|bear_2025_s002_page_2_002|bear_2025_s005_page_5_001,15|13|13,review_inputs/human_review_decisions.csv,显式运行 scripts/apply_human_review_decisions.py 前，人工再次确认该决策。,False,scripts/build_human_review_session_queue.py
review_session_item_0053,review_session_006,6,3,53,mechanism_before_after_path_comparison,RoutingMechanism,Before-after AS path comparison,02_ready_with_manual_note,ready_with_manual_note,approved,approved,ready_to_apply,ready_to_apply,bear_2025|context_2026,cleaned/papers/bear_2025.md,parsed/papers/bear_2025.json,extract_mechanism_before_after_path_comparison_01|extract_mechanism_before_after_path_comparison_02|extract_mechanism_before_after_path_comparison_03,bear_2025_s004_page_4_001|bear_2025_s004_page_4_003|bear_2025_s002_page_2_003,10|10|9,review_inputs/human_review_decisions.csv,显式运行 scripts/apply_human_review_decisions.py 前，人工再次确认该决策。,False,scripts/build_human_review_session_queue.py
review_session_item_0054,review_session_006,6,4,54,concept_bgp,BGPConcept,BGP,02_ready_with_manual_note,ready_with_manual_note,approved,approved,ready_to_apply,ready_to_apply,rfc4271|context_2026,cleaned/standards/rfc4271.md,parsed/standards/rfc4271.json,extract_concept_bgp_01|extract_concept_bgp_02|extract_concept_bgp_03,rfc4271_s006_1_1_002|rfc4271_s005_1_001|rfc4271_s009_3_001,13|12|11,review_inputs/human_review_decisions.csv,显式运行 scripts/apply_human_review_decisions.py 前，人工再次确认该决策。,False,scripts/build_human_review_session_queue.py
review_session_item_0055,review_session_006,6,5,55,concept_bgp_session,BGPConcept,BGP Session,02_ready_with_manual_note,ready_with_manual_note,approved,approved,ready_to_apply,ready_to_apply,rfc4271|ripe_ris_docs|context_2026,cleaned/data_docs/ripe_ris_docs.md|cleaned/standards/rfc4271.md,parsed/data_docs/ripe_ris_docs.json|parsed/standards/rfc4271.json,extract_concept_bgp_session_01|extract_concept_bgp_session_02|extract_concept_bgp_session_03,rfc4271_s046_10_001|rfc4271_s011_3_2_001|rfc4271_s047_8_1_1_001,8|6|6,review_inputs/human_review_decisions.csv,显式运行 scripts/apply_human_review_decisions.py 前，人工再次确认该决策。,False,scripts/build_human_review_session_queue.py
review_session_item_0056,review_session_006,6,6,56,concept_bgp_speaker,BGPConcept,BGP Speaker,02_ready_with_manual_note,ready_with_manual_note,approved,approved,ready_to_apply,ready_to_apply,rfc4271|context_2026,cleaned/standards/rfc4271.md,parsed/standards/rfc4271.json,extract_concept_bgp_speaker_01|extract_concept_bgp_speaker_02|extract_concept_bgp_speaker_03,rfc4271_s006_1_1_001|rfc4271_s006_1_1_002|rfc4271_s009_3_001,8|8|8,review_inputs/human_review_decisions.csv,显式运行 scripts/apply_human_review_decisions.py 前，人工再次确认该决策。,False,scripts/build_human_review_session_queue.py
review_session_item_0057,review_session_006,6,7,57,concept_bgp_update,BGPConcept,BGP Update,02_ready_with_manual_note,ready_with_manual_note,approved,approved,ready_to_apply,ready_to_apply,rfc4271|bgpstream_docs|context_2026,cleaned/data_docs/bgpstream_docs.md|cleaned/standards/rfc4271.md,parsed/data_docs/bgpstream_docs.json|parsed/standards/rfc4271.json,extract_concept_bgp_update_01|extract_concept_bgp_update_02|extract_concept_bgp_update_03,rfc4271_s006_1_1_002|rfc4271_s010_3_1_001|rfc4271_s076_10_003,8|8|7,review_inputs/human_review_decisions.csv,显式运行 scripts/apply_human_review_decisions.py 前，人工再次确认该决策。,False,scripts/build_human_review_session_queue.py
review_session_item_0058,review_session_006,6,8,58,paper_method_bgpshield,PaperMethod,BGPShield,02_ready_with_manual_note,ready_with_manual_note,pending,needs_semantic_review,blocked_by_llm,blocked_by_llm,bgpshield_2025|context_2026,cleaned/papers/bgpshield_2025.md,parsed/papers/bgpshield_2025.json,extract_paper_method_bgpshield_01|extract_paper_method_bgpshield_02|extract_paper_method_bgpshield_03,bgpshield_2025_s004_page_4_003|bgpshield_2025_s013_page_13_003|bgpshield_2025_s003_page_3_002,14|11|10,review_inputs/human_review_decisions.csv,该项需要语义流程或 LLM，按当前规则跳过并保留记录。,True,scripts/build_human_review_session_queue.py
review_session_item_0059,review_session_006,6,9,59,concept_bgpstream,BGPConcept,BGPStream,02_ready_with_manual_note,ready_with_manual_note,approved,approved,ready_to_apply,ready_to_apply,bgpstream_docs|context_2026,cleaned/data_docs/bgpstream_docs.md,parsed/data_docs/bgpstream_docs.json,extract_concept_bgpstream_01|extract_concept_bgpstream_02|extract_concept_bgpstream_03,context_2026_datasource_001|bgpstream_docs_s001_full_001|context_2026_paper_bear_001,7|6|4,review_inputs/human_review_decisions.csv,显式运行 scripts/apply_human_review_decisions.py 前，人工再次确认该决策。,False,scripts/build_human_review_session_queue.py
review_session_item_0060,review_session_006,6,10,60,datasource_bgpstream,DataSource,BGPStream,02_ready_with_manual_note,ready_with_manual_note,approved,approved,ready_to_apply,ready_to_apply,bgpstream_docs|bear_2025|context_2026,cleaned/data_docs/bgpstream_docs.md|cleaned/papers/bear_2025.md,parsed/data_docs/bgpstream_docs.json|parsed/papers/bear_2025.json,extract_datasource_bgpstream_01|extract_datasource_bgpstream_02|extract_datasource_bgpstream_03,bear_2025_s004_page_4_001|bear_2025_s010_page_10_004|bear_2025_s003_page_3_001,12|9|8,review_inputs/human_review_decisions.csv,显式运行 scripts/apply_human_review_decisions.py 前，人工再次确认该决策。,False,scripts/build_human_review_session_queue.py
review_session_item_0061,review_session_007,7,1,61,datasource_caida_as_relationships,DataSource,CAIDA AS Relationships,02_ready_with_manual_note,ready_with_manual_note,approved,approved,ready_to_apply,ready_to_apply,caida_as_relationships|context_2026,cleaned/data_docs/caida_as_relationships.md,parsed/data_docs/caida_as_relationships.json,extract_datasource_caida_as_relationships_01|extract_datasource_caida_as_relationships_02|extract_datasource_caida_as_relationships_03,caida_as_relationships_s001_full_011|caida_as_relationships_s001_full_012|caida_as_relationships_s001_full_013,12|12|12,review_inputs/human_review_decisions.csv,显式运行 scripts/apply_human_review_decisions.py 前，人工再次确认该决策。,False,scripts/build_human_review_session_queue.py
review_session_item_0062,review_session_007,7,2,62,case_celerbridge_bgp_hijack,Case,CelerBridge BGP Hijack,02_ready_with_manual_note,ready_with_manual_note,pending,needs_source,manual_followup,manual_followup,bgpshield_2025|context_2026,cleaned/papers/bgpshield_2025.md,parsed/papers/bgpshield_2025.json,extract_case_celerbridge_bgp_hijack_01|extract_case_celerbridge_bgp_hijack_02|extract_case_celerbridge_bgp_hijack_03,bgpshield_2025_s002_page_2_001|bgpshield_2025_s004_page_4_002|bgpshield_2025_s010_page_10_002,9|8|8,review_inputs/human_review_decisions.csv,补充来源或记录人工说明；不要自动批准。,False,scripts/build_human_review_session_queue.py
review_session_item_0063,review_session_007,7,3,63,field_collector,DataField,collector,02_ready_with_manual_note,ready_with_manual_note,approved,approved,ready_to_apply,ready_to_apply,routeviews_api_doc|ripe_ris_docs|bgpstream_docs|context_2026,cleaned/data_docs/bgpstream_docs.md|cleaned/data_docs/ripe_ris_docs.md|cleaned/data_docs/routeviews_api_doc.md,parsed/data_docs/bgpstream_docs.json|parsed/data_docs/ripe_ris_docs.json|parsed/data_docs/routeviews_api_doc.json,extract_field_collector_01|extract_field_collector_02|extract_field_collector_03,context_2026_datasource_001|routeviews_api_doc_s001_full_002|bgpstream_docs_s001_full_001,7|6|5,review_inputs/human_review_decisions.csv,显式运行 scripts/apply_human_review_decisions.py 前，人工再次确认该决策。,False,scripts/build_human_review_session_queue.py
review_session_item_0064,review_session_007,7,4,64,concept_customer_cone,BGPConcept,Customer Cone,02_ready_with_manual_note,ready_with_manual_note,approved,approved,ready_to_apply,ready_to_apply,caida_as_relationships|context_2026,cleaned/data_docs/caida_as_relationships.md,parsed/data_docs/caida_as_relationships.json,extract_concept_customer_cone_01|extract_concept_customer_cone_02|extract_concept_customer_cone_03,caida_as_relationships_s001_full_007|caida_as_relationships_s001_full_008|caida_as_relationships_s001_full_012,16|15|15,review_inputs/human_review_decisions.csv,显式运行 scripts/apply_human_review_decisions.py 前，人工再次确认该决策。,False,scripts/build_human_review_session_queue.py
review_session_item_0065,review_session_007,7,5,65,concept_ebgp,BGPConcept,eBGP,02_ready_with_manual_note,ready_with_manual_note,approved,approved,ready_to_apply,ready_to_apply,rfc4271|context_2026,cleaned/standards/rfc4271.md,parsed/standards/rfc4271.json,extract_concept_ebgp_01|extract_concept_ebgp_02|extract_concept_ebgp_03,rfc4271_s009_3_003|rfc4271_s006_1_1_001|rfc4271_s030_5_1_3_002,10|8|8,review_inputs/human_review_decisions.csv,显式运行 scripts/apply_human_review_decisions.py 前，人工再次确认该决策。,False,scripts/build_human_review_session_queue.py
review_session_item_0066,review_session_007,7,6,66,case_facebook_2021_outage,Case,Facebook 2021 Outage,02_ready_with_manual_note,ready_with_manual_note,pending,needs_source,manual_followup,manual_followup,facebook_outage_cloudflare_2021|facebook_outage_meta_2021|context_2026,cleaned/cases/facebook_outage_cloudflare_2021.md|cleaned/cases/facebook_outage_meta_2021.md,parsed/cases/facebook_outage_cloudflare_2021.json|parsed/cases/facebook_outage_meta_2021.json,extract_case_facebook_2021_outage_01|extract_case_facebook_2021_outage_02|extract_case_facebook_2021_outage_03,facebook_outage_cloudflare_2021_s001_full_004|facebook_outage_cloudflare_2021_s001_full_008|facebook_outage_cloudflare_2021_s001_full_001,7|7|6,review_inputs/human_review_decisions.csv,补充来源或记录人工说明；不要自动批准。,False,scripts/build_human_review_session_queue.py
review_session_item_0067,review_session_007,7,7,67,concept_fib,BGPConcept,FIB,02_ready_with_manual_note,ready_with_manual_note,approved,approved,ready_to_apply,ready_to_apply,rfc4271|context_2026,cleaned/standards/rfc4271.md,parsed/standards/rfc4271.json,extract_concept_fib_01|extract_concept_fib_02|extract_concept_fib_03,rfc4271_s009_3_001|rfc4271_s005_1_001|rfc4271_s009_3_002,8|7|6,review_inputs/human_review_decisions.csv,显式运行 scripts/apply_human_review_decisions.py 前，人工再次确认该决策。,False,scripts/build_human_review_session_queue.py
review_session_item_0068,review_session_007,7,8,68,concept_ibgp,BGPConcept,iBGP,02_ready_with_manual_note,ready_with_manual_note,approved,approved,ready_to_apply,ready_to_apply,rfc4271|context_2026,cleaned/standards/rfc4271.md,parsed/standards/rfc4271.json,extract_concept_ibgp_01|extract_concept_ibgp_02|extract_concept_ibgp_03,rfc4271_s006_1_1_002|rfc4271_s009_3_002|rfc4271_s009_3_003,11|9|9,review_inputs/human_review_decisions.csv,显式运行 scripts/apply_human_review_decisions.py 前，人工再次确认该决策。,False,scripts/build_human_review_session_queue.py
review_session_item_0069,review_session_007,7,9,69,case_indosat_route_leak,Case,Indosat Route Leak,02_ready_with_manual_note,ready_with_manual_note,pending,needs_source,manual_followup,manual_followup,indosat_route_leak_2014|context_2026,cleaned/cases/indosat_route_leak_2014.md,parsed/cases/indosat_route_leak_2014.json,extract_case_indosat_route_leak_01|extract_case_indosat_route_leak_02|extract_case_indosat_route_leak_03,context_2026_route_leak_001|indosat_route_leak_2014_s001_full_002|indosat_route_leak_2014_s001_full_003,7|5|5,review_inputs/human_review_decisions.csv,补充来源或记录人工说明；不要自动批准。,False,scripts/build_human_review_session_queue.py
review_session_item_0070,review_session_007,7,10,70,concept_irr,BGPConcept,IRR,02_ready_with_manual_note,ready_with_manual_note,approved,approved,ready_to_apply,ready_to_apply,rfc2622|context_2026,cleaned/standards/rfc2622.md,parsed/standards/rfc2622.json,extract_concept_irr_01|extract_concept_irr_02|extract_concept_irr_03,rfc2622_s014_1_002|context_2026_as_path_001|rfc2622_s016_3_001,10|7|7,review_inputs/human_review_decisions.csv,显式运行 scripts/apply_human_review_decisions.py 前，人工再次确认该决策。,False,scripts/build_human_review_session_queue.py
review_session_item_0071,review_session_008,8,1,71,paper_method_beam,PaperMethod,Learning with Semantics / BEAM,02_ready_with_manual_note,ready_with_manual_note,approved,approved,ready_to_apply,ready_to_apply,beam_2024|context_2026,cleaned/papers/beam_2024.md,parsed/papers/beam_2024.json,extract_paper_method_beam_01|extract_paper_method_beam_02|extract_paper_method_beam_03,beam_2024_s004_page_4_002|beam_2024_s005_page_5_001|beam_2024_s015_page_15_002,12|12|12,review_inputs/human_review_decisions.csv,显式运行 scripts/apply_human_review_decisions.py 前，人工再次确认该决策。,False,scripts/build_human_review_session_queue.py
review_session_item_0072,review_session_008,8,2,72,fp_legitimate_moas,FalsePositivePattern,Legitimate MOAS,02_ready_with_manual_note,ready_with_manual_note,approved,approved,ready_to_apply,ready_to_apply,rfc6811|context_2026,cleaned/standards/rfc6811.md,parsed/standards/rfc6811.json,extract_fp_legitimate_moas_01|extract_fp_legitimate_moas_02|extract_fp_legitimate_moas_03,context_2026_route_leak_001|rfc6811_s001_1_002|context_2026_as_path_001,5|5|4,review_inputs/human_review_decisions.csv,显式运行 scripts/apply_human_review_decisions.py 前，人工再次确认该决策。,False,scripts/build_human_review_session_queue.py
review_session_item_0073,review_session_008,8,3,73,anomaly_moas,AnomalyType,MOAS,02_ready_with_manual_note,ready_with_manual_note,approved,approved,ready_to_apply,ready_to_apply,rfc6811|context_2026,cleaned/standards/rfc6811.md,parsed/standards/rfc6811.json,extract_anomaly_moas_01|extract_anomaly_moas_02|extract_anomaly_moas_03,rfc6811_s001_1_002|rfc6811_s001_1_003|context_2026_as_path_001,7|6|5,review_inputs/human_review_decisions.csv,显式运行 scripts/apply_human_review_decisions.py 前，人工再次确认该决策。,False,scripts/build_human_review_session_queue.py
review_session_item_0074,review_session_008,8,4,74,concept_moas,BGPConcept,MOAS,02_ready_with_manual_note,ready_with_manual_note,approved,approved,ready_to_apply,ready_to_apply,rfc6811|context_2026,cleaned/standards/rfc6811.md,parsed/standards/rfc6811.json,extract_concept_moas_01|extract_concept_moas_02|extract_concept_moas_03,rfc6811_s003_2_003|rfc6811_s001_1_002|rfc6811_s003_2_001,8|7|7,review_inputs/human_review_decisions.csv,显式运行 scripts/apply_human_review_decisions.py 前，人工再次确认该决策。,False,scripts/build_human_review_session_queue.py
review_session_item_0075,review_session_008,8,5,75,concept_mrt,BGPConcept,MRT,02_ready_with_manual_note,ready_with_manual_note,approved,approved,ready_to_apply,ready_to_apply,ripe_ris_docs|bgpstream_docs|context_2026,cleaned/data_docs/bgpstream_docs.md|cleaned/data_docs/ripe_ris_docs.md,parsed/data_docs/bgpstream_docs.json|parsed/data_docs/ripe_ris_docs.json,extract_concept_mrt_01|extract_concept_mrt_02|extract_concept_mrt_03,ripe_ris_docs_s001_full_001|context_2026_datasource_001|bgpstream_docs_s001_full_001,9|8|4,review_inputs/human_review_decisions.csv,显式运行 scripts/apply_human_review_decisions.py 前，人工再次确认该决策。,False,scripts/build_human_review_session_queue.py
review_session_item_0076,review_session_008,8,6,76,concept_origin_as,BGPConcept,Origin AS,02_ready_with_manual_note,ready_with_manual_note,approved,approved,ready_to_apply,ready_to_apply,rfc4271|rfc6811|context_2026,cleaned/standards/rfc4271.md|cleaned/standards/rfc6811.md,parsed/standards/rfc4271.json|parsed/standards/rfc6811.json,extract_concept_origin_as_01|extract_concept_origin_as_02|extract_concept_origin_as_03,context_2026_as_path_001|rfc4271_s005_1_001|rfc4271_s009_3_002,11|6|5,review_inputs/human_review_decisions.csv,显式运行 scripts/apply_human_review_decisions.py 前，人工再次确认该决策。,False,scripts/build_human_review_session_queue.py
review_session_item_0077,review_session_008,8,7,77,anomaly_origin_change,AnomalyType,Origin Change,02_ready_with_manual_note,ready_with_manual_note,approved,approved,ready_to_apply,ready_to_apply,rfc6811|bgpshield_2025|context_2026,cleaned/papers/bgpshield_2025.md|cleaned/standards/rfc6811.md,parsed/papers/bgpshield_2025.json|parsed/standards/rfc6811.json,extract_anomaly_origin_change_01|extract_anomaly_origin_change_02|extract_anomaly_origin_change_03,bgpshield_2025_s004_page_4_002|bgpshield_2025_s010_page_10_002|bgpshield_2025_s012_page_12_003,7|7|6,review_inputs/human_review_decisions.csv,显式运行 scripts/apply_human_review_decisions.py 前，人工再次确认该决策。,False,scripts/build_human_review_session_queue.py
review_session_item_0078,review_session_008,8,8,78,field_origin_as,DataField,origin_as,02_ready_with_manual_note,ready_with_manual_note,approved,approved,ready_to_apply,ready_to_apply,rfc4271|rfc6811|context_2026,cleaned/standards/rfc4271.md|cleaned/standards/rfc6811.md,parsed/standards/rfc4271.json|parsed/standards/rfc6811.json,extract_field_origin_as_01|extract_field_origin_as_02|extract_field_origin_as_03,context_2026_as_path_001|context_2026_route_leak_001|rfc4271_s006_1_1_002,8|5|5,review_inputs/human_review_decisions.csv,显式运行 scripts/apply_human_review_decisions.py 前，人工再次确认该决策。,False,scripts/build_human_review_session_queue.py
review_session_item_0079,review_session_008,8,9,79,case_pakistan_youtube_2008,Case,Pakistan Telecom / YouTube Hijack,02_ready_with_manual_note,ready_with_manual_note,pending,needs_source,manual_followup,manual_followup,youtube_hijack_google_2008|context_2026,cleaned/cases/youtube_hijack_google_2008.md,parsed/cases/youtube_hijack_google_2008.json,extract_case_pakistan_youtube_2008_01|extract_case_pakistan_youtube_2008_02|extract_case_pakistan_youtube_2008_03,youtube_hijack_google_2008_s001_full_003|youtube_hijack_google_2008_s001_full_001|youtube_hijack_google_2008_s001_full_002,11|7|7,review_inputs/human_review_decisions.csv,补充来源或记录人工说明；不要自动批准。,False,scripts/build_human_review_session_queue.py
review_session_item_0080,review_session_008,8,10,80,anomaly_path_hijack,AnomalyType,Path Hijack,02_ready_with_manual_note,ready_with_manual_note,approved,approved,ready_to_apply,ready_to_apply,rfc4271|bgpshield_2025|context_2026,cleaned/papers/bgpshield_2025.md|cleaned/standards/rfc4271.md,parsed/papers/bgpshield_2025.json|parsed/standards/rfc4271.json,extract_anomaly_path_hijack_01|extract_anomaly_path_hijack_02|extract_anomaly_path_hijack_03,bgpshield_2025_s010_page_10_002|bgpshield_2025_s007_page_7_002|bgpshield_2025_s004_page_4_002,12|11|10,review_inputs/human_review_decisions.csv,显式运行 scripts/apply_human_review_decisions.py 前，人工再次确认该决策。,False,scripts/build_human_review_session_queue.py
review_session_item_0081,review_session_009,9,1,81,anomaly_path_manipulation,AnomalyType,Path Manipulation,02_ready_with_manual_note,ready_with_manual_note,approved,approved,ready_to_apply,ready_to_apply,rfc4271|bgpshield_2025|context_2026,cleaned/papers/bgpshield_2025.md|cleaned/standards/rfc4271.md,parsed/papers/bgpshield_2025.json|parsed/standards/rfc4271.json,extract_anomaly_path_manipulation_01|extract_anomaly_path_manipulation_02|extract_anomaly_path_manipulation_03,bgpshield_2025_s004_page_4_002|bgpshield_2025_s007_page_7_002|bgpshield_2025_s005_page_5_001,8|8|7,review_inputs/human_review_decisions.csv,显式运行 scripts/apply_human_review_decisions.py 前，人工再次确认该决策。,False,scripts/build_human_review_session_queue.py
review_session_item_0082,review_session_009,9,2,82,mechanism_path_vector,RoutingMechanism,Path-vector routing,02_ready_with_manual_note,ready_with_manual_note,approved,approved,ready_to_apply,ready_to_apply,rfc4271|context_2026,cleaned/standards/rfc4271.md,parsed/standards/rfc4271.json,extract_mechanism_path_vector_01|extract_mechanism_path_vector_02|extract_mechanism_path_vector_03,rfc4271_s005_1_001|rfc4271_s010_3_1_001|rfc4271_s009_3_002,9|7|6,review_inputs/human_review_decisions.csv,显式运行 scripts/apply_human_review_decisions.py 前，人工再次确认该决策。,False,scripts/build_human_review_session_queue.py
review_session_item_0083,review_session_009,9,3,83,concept_peer,BGPConcept,Peer,02_ready_with_manual_note,ready_with_manual_note,approved,approved,ready_to_apply,ready_to_apply,routeviews_api_doc|ripe_ris_docs|context_2026,cleaned/data_docs/ripe_ris_docs.md|cleaned/data_docs/routeviews_api_doc.md,parsed/data_docs/ripe_ris_docs.json|parsed/data_docs/routeviews_api_doc.json,extract_concept_peer_01|extract_concept_peer_02|extract_concept_peer_03,routeviews_api_doc_s001_full_001|routeviews_api_doc_s001_full_003|routeviews_api_doc_s001_full_007,7|7|6,review_inputs/human_review_decisions.csv,显式运行 scripts/apply_human_review_decisions.py 前，人工再次确认该决策。,False,scripts/build_human_review_session_queue.py
review_session_item_0084,review_session_009,9,4,84,field_peer_asn,DataField,peer_asn,02_ready_with_manual_note,ready_with_manual_note,approved,approved,ready_to_apply,ready_to_apply,routeviews_api_doc|ripe_ris_docs|context_2026,cleaned/data_docs/ripe_ris_docs.md|cleaned/data_docs/routeviews_api_doc.md,parsed/data_docs/ripe_ris_docs.json|parsed/data_docs/routeviews_api_doc.json,extract_field_peer_asn_01|extract_field_peer_asn_02|extract_field_peer_asn_03,routeviews_api_doc_s001_full_007|routeviews_api_doc_s001_full_008|routeviews_api_doc_s001_full_017,10|10|9,review_inputs/human_review_decisions.csv,显式运行 scripts/apply_human_review_decisions.py 前，人工再次确认该决策。,False,scripts/build_human_review_session_queue.py
review_session_item_0085,review_session_009,9,5,85,concept_prefix,BGPConcept,Prefix,02_ready_with_manual_note,ready_with_manual_note,approved,approved,ready_to_apply,ready_to_apply,rfc4271|context_2026,cleaned/standards/rfc4271.md,parsed/standards/rfc4271.json,extract_concept_prefix_01|extract_concept_prefix_02|extract_concept_prefix_03,rfc4271_s005_1_001|rfc4271_s010_3_1_001|context_2026_as_path_001,6|6|5,review_inputs/human_review_decisions.csv,显式运行 scripts/apply_human_review_decisions.py 前，人工再次确认该决策。,False,scripts/build_human_review_session_queue.py
review_session_item_0086,review_session_009,9,6,86,field_prefix,DataField,prefix,02_ready_with_manual_note,ready_with_manual_note,approved,approved,ready_to_apply,ready_to_apply,rfc4271|rfc6811|context_2026,cleaned/standards/rfc4271.md|cleaned/standards/rfc6811.md,parsed/standards/rfc4271.json|parsed/standards/rfc6811.json,extract_field_prefix_01|extract_field_prefix_02|extract_field_prefix_03,rfc4271_s006_1_1_002|rfc4271_s010_3_1_001|context_2026_as_path_001,5|5|4,review_inputs/human_review_decisions.csv,显式运行 scripts/apply_human_review_decisions.py 前，人工再次确认该决策。,False,scripts/build_human_review_session_queue.py
review_session_item_0087,review_session_009,9,7,87,anomaly_prefix_hijack,AnomalyType,Prefix Hijack,02_ready_with_manual_note,ready_with_manual_note,approved,approved,ready_to_apply,ready_to_apply,rfc4271|rfc6811|bear_2025|context_2026,cleaned/papers/bear_2025.md|cleaned/standards/rfc4271.md|cleaned/standards/rfc6811.md,parsed/papers/bear_2025.json|parsed/standards/rfc4271.json|parsed/standards/rfc6811.json,extract_anomaly_prefix_hijack_01|extract_anomaly_prefix_hijack_02|extract_anomaly_prefix_hijack_03,bear_2025_s007_page_7_001|bear_2025_s010_page_10_004|bear_2025_s002_page_2_002,8|7|6,review_inputs/human_review_decisions.csv,显式运行 scripts/apply_human_review_decisions.py 前，人工再次确认该决策。,False,scripts/build_human_review_session_queue.py
review_session_item_0088,review_session_009,9,8,88,anomaly_prefix_outage,AnomalyType,Prefix Outage,02_ready_with_manual_note,ready_with_manual_note,approved,approved,ready_to_apply,ready_to_apply,rfc4271|context_2026,cleaned/standards/rfc4271.md,parsed/standards/rfc4271.json,extract_anomaly_prefix_outage_01|extract_anomaly_prefix_outage_02|extract_anomaly_prefix_outage_03,rfc4271_s058_8_2_2_010|context_2026_as_path_001|context_2026_route_leak_001,3|2|2,review_inputs/human_review_decisions.csv,显式运行 scripts/apply_human_review_decisions.py 前，人工再次确认该决策。,False,scripts/build_human_review_session_queue.py
review_session_item_0089,review_session_009,9,9,89,concept_rib,BGPConcept,RIB,02_ready_with_manual_note,ready_with_manual_note,approved,approved,ready_to_apply,ready_to_apply,rfc4271|routeviews_api_doc|bgpstream_docs|context_2026,cleaned/data_docs/bgpstream_docs.md|cleaned/data_docs/routeviews_api_doc.md|cleaned/standards/rfc4271.md,parsed/data_docs/bgpstream_docs.json|parsed/data_docs/routeviews_api_doc.json|parsed/standards/rfc4271.json,extract_concept_rib_01|extract_concept_rib_02|extract_concept_rib_03,rfc4271_s011_3_2_001|rfc4271_s006_1_1_002|rfc4271_s060_9_1_001,9|8|8,review_inputs/human_review_decisions.csv,显式运行 scripts/apply_human_review_decisions.py 前，人工再次确认该决策。,False,scripts/build_human_review_session_queue.py
review_session_item_0090,review_session_009,9,10,90,concept_ripe_ris,BGPConcept,RIPE RIS,02_ready_with_manual_note,ready_with_manual_note,approved,approved,ready_to_apply,ready_to_apply,ripe_ris_docs|context_2026,cleaned/data_docs/ripe_ris_docs.md,parsed/data_docs/ripe_ris_docs.json,extract_concept_ripe_ris_01|extract_concept_ripe_ris_02|extract_concept_ripe_ris_03,ripe_ris_docs_s001_full_001|context_2026_datasource_001|context_2026_as_path_001,11|8|4,review_inputs/human_review_decisions.csv,显式运行 scripts/apply_human_review_decisions.py 前，人工再次确认该决策。,False,scripts/build_human_review_session_queue.py
review_session_item_0091,review_session_010,10,1,91,datasource_ripe_ris,DataSource,RIPE RIS,02_ready_with_manual_note,ready_with_manual_note,approved,approved,ready_to_apply,ready_to_apply,ripe_ris_docs|context_2026,cleaned/data_docs/ripe_ris_docs.md,parsed/data_docs/ripe_ris_docs.json,extract_datasource_ripe_ris_01|extract_datasource_ripe_ris_02|extract_datasource_ripe_ris_03,ripe_ris_docs_s001_full_001|context_2026_datasource_001|context_2026_as_path_001,13|10|4,review_inputs/human_review_decisions.csv,显式运行 scripts/apply_human_review_decisions.py 前，人工再次确认该决策。,False,scripts/build_human_review_session_queue.py
review_session_item_0092,review_session_010,10,2,92,concept_roa,BGPConcept,ROA,02_ready_with_manual_note,ready_with_manual_note,approved,approved,ready_to_apply,ready_to_apply,rfc6811|context_2026,cleaned/standards/rfc6811.md,parsed/standards/rfc6811.json,extract_concept_roa_01|extract_concept_roa_02|extract_concept_roa_03,rfc6811_s003_2_002|rfc6811_s001_1_002|rfc6811_s003_2_001,8|7|7,review_inputs/human_review_decisions.csv,显式运行 scripts/apply_human_review_decisions.py 前，人工再次确认该决策。,False,scripts/build_human_review_session_queue.py
review_session_item_0093,review_session_010,10,3,93,field_roa_status,DataField,roa_status,02_ready_with_manual_note,ready_with_manual_note,approved,approved,ready_to_apply,ready_to_apply,rfc6811|context_2026,cleaned/standards/rfc6811.md,parsed/standards/rfc6811.json,extract_field_roa_status_01|extract_field_roa_status_02|extract_field_roa_status_03,rfc6811_s003_2_002|context_2026_as_path_001|rfc6811_s001_1_002,8|7|7,review_inputs/human_review_decisions.csv,显式运行 scripts/apply_human_review_decisions.py 前，人工再次确认该决策。,False,scripts/build_human_review_session_queue.py
review_session_item_0094,review_session_010,10,4,94,concept_route_collector,BGPConcept,Route Collector,02_ready_with_manual_note,ready_with_manual_note,approved,approved,ready_to_apply,ready_to_apply,routeviews_api_doc|ripe_ris_docs|context_2026,cleaned/data_docs/ripe_ris_docs.md|cleaned/data_docs/routeviews_api_doc.md,parsed/data_docs/ripe_ris_docs.json|parsed/data_docs/routeviews_api_doc.json,extract_concept_route_collector_01|extract_concept_route_collector_02|extract_concept_route_collector_03,routeviews_api_doc_s001_full_001|context_2026_datasource_001|routeviews_api_doc_s001_full_002,8|6|6,review_inputs/human_review_decisions.csv,显式运行 scripts/apply_human_review_decisions.py 前，人工再次确认该决策。,False,scripts/build_human_review_session_queue.py
review_session_item_0095,review_session_010,10,5,95,anomaly_route_leak,AnomalyType,Route Leak,02_ready_with_manual_note,ready_with_manual_note,approved,approved,ready_to_apply,ready_to_apply,rfc7908|rfc9234|beam_2024|context_2026,cleaned/papers/beam_2024.md|cleaned/standards/rfc7908.md|cleaned/standards/rfc9234.md,parsed/papers/beam_2024.json|parsed/standards/rfc7908.json|parsed/standards/rfc9234.json,extract_anomaly_route_leak_01|extract_anomaly_route_leak_02|extract_anomaly_route_leak_03,beam_2024_s003_page_3_001|beam_2024_s003_page_3_003|beam_2024_s004_page_4_002,6|6|6,review_inputs/human_review_decisions.csv,显式运行 scripts/apply_human_review_decisions.py 前，人工再次确认该决策。,False,scripts/build_human_review_session_queue.py
review_session_item_0096,review_session_010,10,6,96,mechanism_route_origin_validation,RoutingMechanism,Route Origin Validation,02_ready_with_manual_note,ready_with_manual_note,approved,approved,ready_to_apply,ready_to_apply,rfc6811|context_2026,cleaned/standards/rfc6811.md,parsed/standards/rfc6811.json,extract_mechanism_route_origin_validation_01|extract_mechanism_route_origin_validation_02|extract_mechanism_route_origin_validation_03,rfc6811_s001_1_002|rfc6811_s008_6_001|rfc6811_s001_1_001,11|11|10,review_inputs/human_review_decisions.csv,显式运行 scripts/apply_human_review_decisions.py 前，人工再次确认该决策。,False,scripts/build_human_review_session_queue.py
review_session_item_0097,review_session_010,10,7,97,concept_routeviews,BGPConcept,RouteViews,02_ready_with_manual_note,ready_with_manual_note,approved,approved,ready_to_apply,ready_to_apply,routeviews_api_doc|context_2026,cleaned/data_docs/routeviews_api_doc.md,parsed/data_docs/routeviews_api_doc.json,extract_concept_routeviews_01|extract_concept_routeviews_02|extract_concept_routeviews_03,routeviews_api_doc_s001_full_002|routeviews_api_doc_s001_full_018|routeviews_api_doc_s001_full_001,10|10|9,review_inputs/human_review_decisions.csv,显式运行 scripts/apply_human_review_decisions.py 前，人工再次确认该决策。,False,scripts/build_human_review_session_queue.py
review_session_item_0098,review_session_010,10,8,98,datasource_routeviews,DataSource,RouteViews,02_ready_with_manual_note,ready_with_manual_note,approved,approved,ready_to_apply,ready_to_apply,routeviews_api_doc|context_2026,cleaned/data_docs/routeviews_api_doc.md,parsed/data_docs/routeviews_api_doc.json,extract_datasource_routeviews_01|extract_datasource_routeviews_02|extract_datasource_routeviews_03,routeviews_api_doc_s001_full_001|routeviews_api_doc_s001_full_004|routeviews_api_doc_s001_full_005,12|11|11,review_inputs/human_review_decisions.csv,显式运行 scripts/apply_human_review_decisions.py 前，人工再次确认该决策。,False,scripts/build_human_review_session_queue.py
review_session_item_0099,review_session_010,10,9,99,concept_rov,BGPConcept,ROV,02_ready_with_manual_note,ready_with_manual_note,approved,approved,ready_to_apply,ready_to_apply,rfc6811|context_2026,cleaned/standards/rfc6811.md,parsed/standards/rfc6811.json,extract_concept_rov_01|extract_concept_rov_02|extract_concept_rov_03,rfc6811_s001_1_002|rfc6811_s001_1_001|rfc6811_s008_6_001,9|8|8,review_inputs/human_review_decisions.csv,显式运行 scripts/apply_human_review_decisions.py 前，人工再次确认该决策。,False,scripts/build_human_review_session_queue.py
review_session_item_0100,review_session_010,10,10,100,concept_rpki,BGPConcept,RPKI,02_ready_with_manual_note,ready_with_manual_note,approved,approved,ready_to_apply,ready_to_apply,rfc6811|context_2026,cleaned/standards/rfc6811.md,parsed/standards/rfc6811.json,extract_concept_rpki_01|extract_concept_rpki_02|extract_concept_rpki_03,rfc6811_s001_1_001|rfc6811_s001_1_002|rfc6811_s008_6_001,13|10|8,review_inputs/human_review_decisions.csv,显式运行 scripts/apply_human_review_decisions.py 前，人工再次确认该决策。,False,scripts/build_human_review_session_queue.py
review_session_item_0101,review_session_011,11,1,101,datasource_rpki_roa,DataSource,RPKI / ROA,02_ready_with_manual_note,ready_with_manual_note,approved,approved,ready_to_apply,ready_to_apply,rfc6811|routeviews_api_doc|context_2026,cleaned/data_docs/routeviews_api_doc.md|cleaned/standards/rfc6811.md,parsed/data_docs/routeviews_api_doc.json|parsed/standards/rfc6811.json,extract_datasource_rpki_roa_01|extract_datasource_rpki_roa_02|extract_datasource_rpki_roa_03,rfc6811_s001_1_002|rfc6811_s001_1_001|rfc6811_s003_2_001,10|9|9,review_inputs/human_review_decisions.csv,显式运行 scripts/apply_human_review_decisions.py 前，人工再次确认该决策。,False,scripts/build_human_review_session_queue.py
review_session_item_0102,review_session_011,11,2,102,fp_short_route_flap,FalsePositivePattern,Short route flap,02_ready_with_manual_note,ready_with_manual_note,approved,approved,ready_to_apply,ready_to_apply,rfc4271|context_2026,cleaned/standards/rfc4271.md,parsed/standards/rfc4271.json,extract_fp_short_route_flap_01|extract_fp_short_route_flap_02|extract_fp_short_route_flap_03,rfc4271_s066_9_1_4_001|rfc4271_s058_8_2_2_001|rfc4271_s069_9_2_1_1_001,5|4|4,review_inputs/human_review_decisions.csv,显式运行 scripts/apply_human_review_decisions.py 前，人工再次确认该决策。,False,scripts/build_human_review_session_queue.py
review_session_item_0103,review_session_011,11,3,103,fp_single_collector_bias,FalsePositivePattern,Single collector bias,02_ready_with_manual_note,ready_with_manual_note,approved,approved,ready_to_apply,ready_to_apply,routeviews_api_doc|ripe_ris_docs|context_2026,cleaned/data_docs/ripe_ris_docs.md|cleaned/data_docs/routeviews_api_doc.md,parsed/data_docs/ripe_ris_docs.json|parsed/data_docs/routeviews_api_doc.json,extract_fp_single_collector_bias_01|extract_fp_single_collector_bias_02|extract_fp_single_collector_bias_03,context_2026_datasource_001|routeviews_api_doc_s001_full_007|routeviews_api_doc_s001_full_001,7|7|6,review_inputs/human_review_decisions.csv,显式运行 scripts/apply_human_review_decisions.py 前，人工再次确认该决策。,False,scripts/build_human_review_session_queue.py
review_session_item_0104,review_session_011,11,4,104,anomaly_subprefix_hijack,AnomalyType,Subprefix Hijack,02_ready_with_manual_note,ready_with_manual_note,approved,approved,ready_to_apply,ready_to_apply,rfc6811|bear_2025|context_2026,cleaned/papers/bear_2025.md|cleaned/standards/rfc6811.md,parsed/papers/bear_2025.json|parsed/standards/rfc6811.json,extract_anomaly_subprefix_hijack_01|extract_anomaly_subprefix_hijack_02|extract_anomaly_subprefix_hijack_03,bear_2025_s001_page_1_001|bear_2025_s002_page_2_002|bear_2025_s007_page_7_001,4|4|4,review_inputs/human_review_decisions.csv,显式运行 scripts/apply_human_review_decisions.py 前，人工再次确认该决策。,False,scripts/build_human_review_session_queue.py
review_session_item_0105,review_session_011,11,5,105,field_timestamp,DataField,timestamp,02_ready_with_manual_note,ready_with_manual_note,approved,approved,ready_to_apply,ready_to_apply,bgpstream_docs|context_2026,cleaned/data_docs/bgpstream_docs.md,parsed/data_docs/bgpstream_docs.json,extract_field_timestamp_01|extract_field_timestamp_02|extract_field_timestamp_03,bgpstream_docs_s001_full_001|context_2026_as_path_001|context_2026_datasource_001,4|4|4,review_inputs/human_review_decisions.csv,显式运行 scripts/apply_human_review_decisions.py 前，人工再次确认该决策。,False,scripts/build_human_review_session_queue.py
review_session_item_0106,review_session_011,11,6,106,field_update_type,DataField,update_type,02_ready_with_manual_note,ready_with_manual_note,approved,approved,ready_to_apply,ready_to_apply,rfc4271|context_2026,cleaned/standards/rfc4271.md,parsed/standards/rfc4271.json,extract_field_update_type_01|extract_field_update_type_02|extract_field_update_type_03,context_2026_route_leak_001|context_2026_as_path_001|context_2026_paper_bear_001,5|4|4,review_inputs/human_review_decisions.csv,显式运行 scripts/apply_human_review_decisions.py 前，人工再次确认该决策。,False,scripts/build_human_review_session_queue.py
review_session_item_0107,review_session_011,11,7,107,concept_valley_free,BGPConcept,Valley-free,02_ready_with_manual_note,ready_with_manual_note,approved,approved,ready_to_apply,ready_to_apply,rfc7908|caida_as_relationships|context_2026,cleaned/data_docs/caida_as_relationships.md|cleaned/standards/rfc7908.md,parsed/data_docs/caida_as_relationships.json|parsed/standards/rfc7908.json,extract_concept_valley_free_01|extract_concept_valley_free_02|extract_concept_valley_free_03,caida_as_relationships_s001_full_003|caida_as_relationships_s001_full_007|caida_as_relationships_s001_full_012,8|8|8,review_inputs/human_review_decisions.csv,显式运行 scripts/apply_human_review_decisions.py 前，人工再次确认该决策。,False,scripts/build_human_review_session_queue.py
review_session_item_0108,review_session_011,11,8,108,mechanism_valley_free,RoutingMechanism,Valley-free Routing,02_ready_with_manual_note,ready_with_manual_note,approved,approved,ready_to_apply,ready_to_apply,rfc7908|caida_as_relationships|beam_2024|context_2026,cleaned/data_docs/caida_as_relationships.md|cleaned/papers/beam_2024.md|cleaned/standards/rfc7908.md,parsed/data_docs/caida_as_relationships.json|parsed/papers/beam_2024.json|parsed/standards/rfc7908.json,extract_mechanism_valley_free_01|extract_mechanism_valley_free_02|extract_mechanism_valley_free_03,beam_2024_s004_page_4_001|beam_2024_s005_page_5_001|beam_2024_s004_page_4_002,7|6|5,review_inputs/human_review_decisions.csv,显式运行 scripts/apply_human_review_decisions.py 前，人工再次确认该决策。,False,scripts/build_human_review_session_queue.py
review_session_item_0109,review_session_011,11,9,109,concept_vantage_point,BGPConcept,Vantage Point,02_ready_with_manual_note,ready_with_manual_note,approved,approved,ready_to_apply,ready_to_apply,ripe_ris_docs|context_2026,cleaned/data_docs/ripe_ris_docs.md,parsed/data_docs/ripe_ris_docs.json,extract_concept_vantage_point_01|extract_concept_vantage_point_02|extract_concept_vantage_point_03,context_2026_datasource_001|context_2026_as_path_001|context_2026_paper_bear_001,4|3|3,review_inputs/human_review_decisions.csv,显式运行 scripts/apply_human_review_decisions.py 前，人工再次确认该决策。,False,scripts/build_human_review_session_queue.py
review_session_item_0110,review_session_011,11,10,110,case_vodafone_2021_route_leak,Case,Vodafone Idea AS55410 Route Leak,02_ready_with_manual_note,ready_with_manual_note,approved,approved,ready_to_apply,ready_to_apply,bgpshield_2025|context_2026,cleaned/papers/bgpshield_2025.md,parsed/papers/bgpshield_2025.json,extract_case_vodafone_2021_route_leak_01|extract_case_vodafone_2021_route_leak_02|extract_case_vodafone_2021_route_leak_03,bgpshield_2025_s012_page_12_003|bgpshield_2025_s012_page_12_002|bgpshield_2025_s013_page_13_001,10|8|8,review_inputs/human_review_decisions.csv,显式运行 scripts/apply_human_review_decisions.py 前，人工再次确认该决策。,False,scripts/build_human_review_session_queue.py
review_session_item_0111,review_session_012,12,1,111,concept_whois_rdap,BGPConcept,WHOIS / RDAP,02_ready_with_manual_note,ready_with_manual_note,approved,approved,ready_to_apply,ready_to_apply,rfc3912|rfc9082|rfc9083|context_2026,cleaned/standards/rfc3912.md|cleaned/standards/rfc9082.md|cleaned/standards/rfc9083.md,parsed/standards/rfc3912.json|parsed/standards/rfc9082.json|parsed/standards/rfc9083.json,extract_concept_whois_rdap_01|extract_concept_whois_rdap_02|extract_concept_whois_rdap_03,rfc3912_s008_21355_001|rfc3912_s001_1_001|rfc3912_s008_21355_002,6|5|5,review_inputs/human_review_decisions.csv,显式运行 scripts/apply_human_review_decisions.py 前，人工再次确认该决策。,False,scripts/build_human_review_session_queue.py
review_session_item_0112,review_session_012,12,2,112,concept_withdrawal,BGPConcept,Withdrawal,02_ready_with_manual_note,ready_with_manual_note,approved,approved,ready_to_apply,ready_to_apply,rfc4271|context_2026,cleaned/standards/rfc4271.md,parsed/standards/rfc4271.json,extract_concept_withdrawal_01|extract_concept_withdrawal_02|extract_concept_withdrawal_03,rfc4271_s069_9_2_1_1_001|rfc4271_s060_9_1_001|rfc4271_s076_10_003,7|5|5,review_inputs/human_review_decisions.csv,显式运行 scripts/apply_human_review_decisions.py 前，人工再次确认该决策。,False,scripts/build_human_review_session_queue.py
