workbook_id,review_order,review_batch,priority,entity_id,entity_type,display_name,review_status,review_bucket,review_decision,source_refs,source_paths,parsed_paths,cleaned_paths,chunk_sample_ids,related_packet_id,related_action_id,needs_llm,llm_skip_reason,decision_instructions,generated_by
review_workbook_field_aggregator,1,01_ready_without_manual_note,3,field_aggregator,DataField,aggregator,approved,ready_without_manual_note,unreviewed,rfc4271,raw/standards/rfc4271.txt,parsed/standards/rfc4271.json,cleaned/standards/rfc4271.md,rfc4271_s021_2_001|rfc4271_s021_2_002|rfc4271_s026_4_002|rfc4271_s076_10_003|rfc4271_s006_1_1_002|rfc4271_s010_3_1_001|rfc4271_s012_4_001|rfc4271_s013_4_1_001|rfc4271_s014_4_2_001|rfc4271_s014_4_2_002|rfc4271_s015_4_3_001|rfc4271_s015_4_3_002,packet_field_aggregator,action_entity_review_field_aggregator,False,不需要 LLM；本记录只做人工来源复核入口。,人工打开 parsed/cleaned/chunk 证据；若实体字段被来源直接支持，可把 review_decision 改为 approved。,scripts/build_human_review_workbook.py
review_workbook_datasource_aspa,2,01_ready_without_manual_note,3,datasource_aspa,DataSource,ASPA,approved,ready_without_manual_note,unreviewed,arin_aspa_doc|ripe_aspa_doc|rfc6480,raw/data_docs/arin_aspa_doc.html|raw/data_docs/ripe_aspa_doc.html|raw/standards/rfc6480.txt,parsed/data_docs/arin_aspa_doc.json|parsed/data_docs/ripe_aspa_doc.json|parsed/standards/rfc6480.json,cleaned/data_docs/arin_aspa_doc.md|cleaned/data_docs/ripe_aspa_doc.md|cleaned/standards/rfc6480.md,arin_aspa_doc_s001_full_001|arin_aspa_doc_s001_full_002|arin_aspa_doc_s001_full_003|arin_aspa_doc_s001_full_004|arin_aspa_doc_s001_full_005|rfc6480_s002_1_001|rfc6480_s002_1_002|rfc6480_s002_1_003|rfc6480_s003_1_1_001|rfc6480_s004_2_001|rfc6480_s004_2_002|rfc6480_s005_2_1_001,packet_datasource_aspa,action_entity_review_datasource_aspa,False,不需要 LLM；本记录只做人工来源复核入口。,人工打开 parsed/cleaned/chunk 证据；若实体字段被来源直接支持，可把 review_decision 改为 approved。,scripts/build_human_review_workbook.py
review_workbook_mechanism_aspa_path_verification,3,01_ready_without_manual_note,3,mechanism_aspa_path_verification,RoutingMechanism,ASPA Path Verification,approved,ready_without_manual_note,unreviewed,arin_aspa_doc|ripe_aspa_doc,raw/data_docs/arin_aspa_doc.html|raw/data_docs/ripe_aspa_doc.html,parsed/data_docs/arin_aspa_doc.json|parsed/data_docs/ripe_aspa_doc.json,cleaned/data_docs/arin_aspa_doc.md|cleaned/data_docs/ripe_aspa_doc.md,arin_aspa_doc_s001_full_001|arin_aspa_doc_s001_full_004|arin_aspa_doc_s001_full_002|arin_aspa_doc_s001_full_003|arin_aspa_doc_s001_full_005|ripe_aspa_doc_s001_full_007|ripe_aspa_doc_s001_full_008|ripe_aspa_doc_s001_full_010|ripe_aspa_doc_s001_full_009|ripe_aspa_doc_s001_full_001|ripe_aspa_doc_s001_full_006|ripe_aspa_doc_s001_full_002,packet_mechanism_aspa_path_verification,action_entity_review_mechanism_aspa_path_verification,False,不需要 LLM；本记录只做人工来源复核入口。,人工打开 parsed/cleaned/chunk 证据；若实体字段被来源直接支持，可把 review_decision 改为 approved。,scripts/build_human_review_workbook.py
review_workbook_field_asrank_rank,4,01_ready_without_manual_note,3,field_asrank_rank,DataField,asrank_rank,approved,ready_without_manual_note,unreviewed,caida_asrank_api,raw/data_docs/caida_asrank_api.html,parsed/data_docs/caida_asrank_api.json,cleaned/data_docs/caida_asrank_api.md,caida_asrank_api_s001_full_002|caida_asrank_api_s001_full_001|caida_asrank_api_s001_full_005|caida_asrank_api_s001_full_006|caida_asrank_api_s001_full_003|caida_asrank_api_s001_full_004|caida_asrank_api_s001_full_007,packet_field_asrank_rank,action_entity_review_field_asrank_rank,False,不需要 LLM；本记录只做人工来源复核入口。,人工打开 parsed/cleaned/chunk 证据；若实体字段被来源直接支持，可把 review_decision 改为 approved。,scripts/build_human_review_workbook.py
review_workbook_field_asrank_relationship,5,01_ready_without_manual_note,3,field_asrank_relationship,DataField,asrank_relationship,approved,ready_without_manual_note,unreviewed,caida_asrank_api|caida_as_relationships,raw/data_docs/caida_as_relationships.html|raw/data_docs/caida_asrank_api.html,parsed/data_docs/caida_as_relationships.json|parsed/data_docs/caida_asrank_api.json,cleaned/data_docs/caida_as_relationships.md|cleaned/data_docs/caida_asrank_api.md,caida_as_relationships_s001_full_002|caida_as_relationships_s001_full_011|caida_as_relationships_s001_full_013|caida_as_relationships_s001_full_001|caida_as_relationships_s001_full_003|caida_as_relationships_s001_full_004|caida_as_relationships_s001_full_005|caida_as_relationships_s001_full_006|caida_as_relationships_s001_full_007|caida_as_relationships_s001_full_009|caida_as_relationships_s001_full_010|caida_as_relationships_s001_full_012,packet_field_asrank_relationship,action_entity_review_field_asrank_relationship,False,不需要 LLM；本记录只做人工来源复核入口。,人工打开 parsed/cleaned/chunk 证据；若实体字段被来源直接支持，可把 review_decision 改为 approved。,scripts/build_human_review_workbook.py
review_workbook_field_atomic_aggregate,6,01_ready_without_manual_note,3,field_atomic_aggregate,DataField,atomic_aggregate,approved,ready_without_manual_note,unreviewed,rfc4271,raw/standards/rfc4271.txt,parsed/standards/rfc4271.json,cleaned/standards/rfc4271.md,rfc4271_s021_2_001|rfc4271_s026_4_002|rfc4271_s076_10_003|rfc4271_s033_5_1_6_001|rfc4271_s066_9_1_4_002|rfc4271_s073_9_2_2_2_003|rfc4271_s076_10_002|rfc4271_s081_6_008|rfc4271_s021_2_002|rfc4271_s006_1_1_002|rfc4271_s010_3_1_001|rfc4271_s012_4_001,packet_field_atomic_aggregate,action_entity_review_field_atomic_aggregate,False,不需要 LLM；本记录只做人工来源复核入口。,人工打开 parsed/cleaned/chunk 证据；若实体字段被来源直接支持，可把 review_decision 改为 approved。,scripts/build_human_review_workbook.py
review_workbook_mechanism_bgp_decision_process,7,01_ready_without_manual_note,3,mechanism_bgp_decision_process,RoutingMechanism,BGP Decision Process,approved,ready_without_manual_note,unreviewed,rfc4271,raw/standards/rfc4271.txt,parsed/standards/rfc4271.json,cleaned/standards/rfc4271.md,rfc4271_s060_9_1_001|rfc4271_s031_5_1_4_001|rfc4271_s021_2_001|rfc4271_s062_9_1_2_001|rfc4271_s073_9_2_2_2_001|rfc4271_s006_1_1_002|rfc4271_s011_3_2_001|rfc4271_s061_9_1_1_001|rfc4271_s063_9_1_2_1_001|rfc4271_s064_9_1_2_2_003|rfc4271_s065_9_1_3_001|rfc4271_s066_9_1_4_001,packet_mechanism_bgp_decision_process,action_entity_review_mechanism_bgp_decision_process,False,不需要 LLM；本记录只做人工来源复核入口。,人工打开 parsed/cleaned/chunk 证据；若实体字段被来源直接支持，可把 review_decision 改为 approved。,scripts/build_human_review_workbook.py
review_workbook_mechanism_rib_model,8,01_ready_without_manual_note,3,mechanism_rib_model,RoutingMechanism,BGP RIB Model,approved,ready_without_manual_note,unreviewed,rfc4271|ripe_ris_raw_data|routeviews_archive_index,raw/data_docs/ripe_ris_raw_data.html|raw/data_docs/routeviews_archive_index.html|raw/standards/rfc4271.txt,parsed/data_docs/ripe_ris_raw_data.json|parsed/data_docs/routeviews_archive_index.json|parsed/standards/rfc4271.json,cleaned/data_docs/ripe_ris_raw_data.md|cleaned/data_docs/routeviews_archive_index.md|cleaned/standards/rfc4271.md,rfc4271_s009_3_003|rfc4271_s010_3_1_001|rfc4271_s011_3_2_001|rfc4271_s048_8_1_2_001|rfc4271_s058_8_2_2_010|rfc4271_s081_6_003|rfc4271_s081_6_006|rfc4271_s026_4_002|rfc4271_s031_5_1_4_001|rfc4271_s073_9_2_2_2_002|rfc4271_s006_1_1_001|rfc4271_s006_1_1_002,packet_mechanism_rib_model,action_entity_review_mechanism_rib_model,False,不需要 LLM；本记录只做人工来源复核入口。,人工打开 parsed/cleaned/chunk 证据；若实体字段被来源直接支持，可把 review_decision 改为 approved。,scripts/build_human_review_workbook.py
review_workbook_mechanism_route_leak_roles_otc,9,01_ready_without_manual_note,3,mechanism_route_leak_roles_otc,RoutingMechanism,BGP Roles and OTC Route Leak Prevention,approved,ready_without_manual_note,unreviewed,rfc9234,raw/standards/rfc9234.txt,parsed/standards/rfc9234.json,cleaned/standards/rfc9234.md,rfc9234_s018_8_001|rfc9234_s016_6_001|rfc9234_s008_4_2_002|rfc9234_s014_2_001|rfc9234_s015_4_001|rfc9234_s002_1_001|rfc9234_s005_3_1_001|rfc9234_s005_3_1_002|rfc9234_s006_4_001|rfc9234_s008_4_2_001|rfc9234_s009_5_001|rfc9234_s002_1_002,packet_mechanism_route_leak_roles_otc,action_entity_review_mechanism_route_leak_roles_otc,False,不需要 LLM；本记录只做人工来源复核入口。,人工打开 parsed/cleaned/chunk 证据；若实体字段被来源直接支持，可把 review_decision 改为 approved。,scripts/build_human_review_workbook.py
review_workbook_mechanism_update_withdrawal,10,01_ready_without_manual_note,3,mechanism_update_withdrawal,RoutingMechanism,BGP Update and Withdrawal Propagation,approved,ready_without_manual_note,unreviewed,rfc4271|ripe_ris_raw_data|bgpstream_docs,raw/data_docs/ripe_ris_raw_data.html|raw/standards/rfc4271.txt|raw/tools_docs/bgpstream_docs.html,parsed/data_docs/bgpstream_docs.json|parsed/data_docs/ripe_ris_raw_data.json|parsed/standards/rfc4271.json,cleaned/data_docs/bgpstream_docs.md|cleaned/data_docs/ripe_ris_raw_data.md|cleaned/standards/rfc4271.md,bgpstream_docs_s001_full_001|rfc4271_s010_3_1_001|rfc4271_s059_9_001|rfc4271_s005_1_001|rfc4271_s009_3_002|rfc4271_s009_3_003|rfc4271_s026_4_002|rfc4271_s069_9_2_1_1_001|rfc4271_s031_5_1_4_001|rfc4271_s022_4_4_001|rfc4271_s048_8_1_2_001|rfc4271_s058_8_2_2_010,packet_mechanism_update_withdrawal,action_entity_review_mechanism_update_withdrawal,False,不需要 LLM；本记录只做人工来源复核入口。,人工打开 parsed/cleaned/chunk 证据；若实体字段被来源直接支持，可把 review_decision 改为 approved。,scripts/build_human_review_workbook.py
review_workbook_field_bgp_identifier,11,01_ready_without_manual_note,3,field_bgp_identifier,DataField,bgp_identifier,approved,ready_without_manual_note,unreviewed,rfc4271,raw/standards/rfc4271.txt,parsed/standards/rfc4271.json,cleaned/standards/rfc4271.md,rfc4271_s014_4_2_001|rfc4271_s014_4_2_002|rfc4271_s021_2_002|rfc4271_s024_6_001|rfc4271_s037_6_2_001|rfc4271_s081_6_009|rfc4271_s006_1_1_001|rfc4271_s034_5_1_7_001|rfc4271_s043_6_8_001|rfc4271_s043_6_8_002|rfc4271_s052_8_2_1_001|rfc4271_s076_10_002,packet_field_bgp_identifier,action_entity_review_field_bgp_identifier,False,不需要 LLM；本记录只做人工来源复核入口。,人工打开 parsed/cleaned/chunk 证据；若实体字段被来源直接支持，可把 review_decision 改为 approved。,scripts/build_human_review_workbook.py
review_workbook_field_bgp_role,12,01_ready_without_manual_note,3,field_bgp_role,DataField,bgp_role,approved,ready_without_manual_note,unreviewed,rfc9234,raw/standards/rfc9234.txt,parsed/standards/rfc9234.json,cleaned/standards/rfc9234.md,rfc9234_s002_1_001|rfc9234_s005_3_1_001|rfc9234_s006_4_001|rfc9234_s007_4_1_001|rfc9234_s008_4_2_001|rfc9234_s008_4_2_002|rfc9234_s015_4_001|rfc9234_s016_6_001|rfc9234_s017_7_001|rfc9234_s018_8_001|rfc9234_s002_1_002|rfc9234_s003_2_001,packet_field_bgp_role,action_entity_review_field_bgp_role,False,不需要 LLM；本记录只做人工来源复核入口。,人工打开 parsed/cleaned/chunk 证据；若实体字段被来源直接支持，可把 review_decision 改为 approved。,scripts/build_human_review_workbook.py
review_workbook_mechanism_bgpsec_path_validation,13,01_ready_without_manual_note,3,mechanism_bgpsec_path_validation,RoutingMechanism,BGPsec Path Validation,approved,ready_without_manual_note,unreviewed,rfc8205|rfc6480,raw/standards/rfc6480.txt|raw/standards/rfc8205.txt,parsed/standards/rfc6480.json|parsed/standards/rfc8205.json,cleaned/standards/rfc6480.md|cleaned/standards/rfc8205.md,rfc6480_s007_2_3_001|rfc6480_s012_4_001|rfc6480_s002_1_003|rfc6480_s005_2_1_002|rfc6480_s008_2_4_001|rfc6480_s010_3_1_001|rfc6480_s015_4_3_001|rfc6480_s016_4_4_001|rfc6480_s035_8_001|rfc6480_s039_11_2_001|rfc6480_s026_7_2_001|rfc6480_s002_1_001,packet_mechanism_bgpsec_path_validation,action_entity_review_mechanism_bgpsec_path_validation,False,不需要 LLM；本记录只做人工来源复核入口。,人工打开 parsed/cleaned/chunk 证据；若实体字段被来源直接支持，可把 review_decision 改为 approved。,scripts/build_human_review_workbook.py
review_workbook_datasource_caida_asrank,14,01_ready_without_manual_note,3,datasource_caida_asrank,DataSource,CAIDA ASRank,approved,ready_without_manual_note,unreviewed,caida_asrank_api|caida_as_relationships,raw/data_docs/caida_as_relationships.html|raw/data_docs/caida_asrank_api.html,parsed/data_docs/caida_as_relationships.json|parsed/data_docs/caida_asrank_api.json,cleaned/data_docs/caida_as_relationships.md|cleaned/data_docs/caida_asrank_api.md,caida_as_relationships_s001_full_011|caida_as_relationships_s001_full_013|caida_as_relationships_s001_full_001|caida_as_relationships_s001_full_012|caida_as_relationships_s001_full_015|caida_as_relationships_s001_full_002|caida_as_relationships_s001_full_003|caida_as_relationships_s001_full_004|caida_as_relationships_s001_full_005|caida_as_relationships_s001_full_006|caida_as_relationships_s001_full_007|caida_as_relationships_s001_full_008,packet_datasource_caida_asrank,action_entity_review_datasource_caida_asrank,False,不需要 LLM；本记录只做人工来源复核入口。,人工打开 parsed/cleaned/chunk 证据；若实体字段被来源直接支持，可把 review_decision 改为 approved。,scripts/build_human_review_workbook.py
review_workbook_field_customer_cone_asns,15,01_ready_without_manual_note,3,field_customer_cone_asns,DataField,customer_cone_asns,approved,ready_without_manual_note,unreviewed,caida_asrank_api|caida_as_relationships,raw/data_docs/caida_as_relationships.html|raw/data_docs/caida_asrank_api.html,parsed/data_docs/caida_as_relationships.json|parsed/data_docs/caida_asrank_api.json,cleaned/data_docs/caida_as_relationships.md|cleaned/data_docs/caida_asrank_api.md,caida_as_relationships_s001_full_007|caida_as_relationships_s001_full_008|caida_as_relationships_s001_full_009|caida_as_relationships_s001_full_010|caida_as_relationships_s001_full_011|caida_as_relationships_s001_full_013|caida_as_relationships_s001_full_014|caida_as_relationships_s001_full_015|caida_as_relationships_s001_full_004|caida_as_relationships_s001_full_005|caida_as_relationships_s001_full_012|caida_as_relationships_s001_full_001,packet_field_customer_cone_asns,action_entity_review_field_customer_cone_asns,False,不需要 LLM；本记录只做人工来源复核入口。,人工打开 parsed/cleaned/chunk 证据；若实体字段被来源直接支持，可把 review_decision 改为 approved。,scripts/build_human_review_workbook.py
review_workbook_field_hold_time,16,01_ready_without_manual_note,3,field_hold_time,DataField,hold_time,approved,ready_without_manual_note,unreviewed,rfc4271,raw/standards/rfc4271.txt,parsed/standards/rfc4271.json,cleaned/standards/rfc4271.md,rfc4271_s014_4_2_001|rfc4271_s024_6_001|rfc4271_s037_6_2_001|rfc4271_s040_6_5_001|rfc4271_s058_8_2_2_009|rfc4271_s058_8_2_2_010|rfc4271_s076_10_004|rfc4271_s081_6_009|rfc4271_s022_4_4_001|rfc4271_s058_8_2_2_004|rfc4271_s058_8_2_2_006|rfc4271_s058_8_2_2_007,packet_field_hold_time,action_entity_review_field_hold_time,False,不需要 LLM；本记录只做人工来源复核入口。,人工打开 parsed/cleaned/chunk 证据；若实体字段被来源直接支持，可把 review_decision 改为 approved。,scripts/build_human_review_workbook.py
review_workbook_field_local_pref,17,01_ready_without_manual_note,3,field_local_pref,DataField,local_pref,approved,ready_without_manual_note,unreviewed,rfc4271,raw/standards/rfc4271.txt,parsed/standards/rfc4271.json,cleaned/standards/rfc4271.md,rfc4271_s021_2_001|rfc4271_s026_4_002|rfc4271_s076_10_003|rfc4271_s006_1_1_002|rfc4271_s032_5_1_5_001|rfc4271_s038_6_3_003|rfc4271_s059_9_001|rfc4271_s061_9_1_1_001|rfc4271_s081_6_001|rfc4271_s081_6_008|rfc4271_s010_3_1_001|rfc4271_s014_4_2_002,packet_field_local_pref,action_entity_review_field_local_pref,False,不需要 LLM；本记录只做人工来源复核入口。,人工打开 parsed/cleaned/chunk 证据；若实体字段被来源直接支持，可把 review_decision 改为 approved。,scripts/build_human_review_workbook.py
review_workbook_field_med,18,01_ready_without_manual_note,3,field_med,DataField,med,approved,ready_without_manual_note,unreviewed,rfc4271,raw/standards/rfc4271.txt,parsed/standards/rfc4271.json,cleaned/standards/rfc4271.md,rfc4271_s021_2_002|rfc4271_s023_4_5_001|rfc4271_s024_6_001|rfc4271_s038_6_3_001|rfc4271_s038_6_3_002|rfc4271_s038_6_3_003|rfc4271_s058_8_2_2_009|rfc4271_s076_10_003|rfc4271_s081_6_009|rfc4271_s006_1_1_002|rfc4271_s008_2_001|rfc4271_s009_3_003,packet_field_med,action_entity_review_field_med,False,不需要 LLM；本记录只做人工来源复核入口。,人工打开 parsed/cleaned/chunk 证据；若实体字段被来源直接支持，可把 review_decision 改为 approved。,scripts/build_human_review_workbook.py
review_workbook_field_mrt_file_type,19,01_ready_without_manual_note,3,field_mrt_file_type,DataField,mrt_file_type,approved,ready_without_manual_note,unreviewed,ripe_ris_raw_data|routeviews_archive_index,raw/data_docs/ripe_ris_raw_data.html|raw/data_docs/routeviews_archive_index.html,parsed/data_docs/ripe_ris_raw_data.json|parsed/data_docs/routeviews_archive_index.json,cleaned/data_docs/ripe_ris_raw_data.md|cleaned/data_docs/routeviews_archive_index.md,ripe_ris_raw_data_s001_full_001|ripe_ris_raw_data_s001_full_002|routeviews_archive_index_s001_full_001|routeviews_archive_index_s001_full_004|routeviews_archive_index_s001_full_002|routeviews_archive_index_s001_full_003|routeviews_archive_index_s001_full_005,packet_field_mrt_file_type,action_entity_review_field_mrt_file_type,False,不需要 LLM；本记录只做人工来源复核入口。,人工打开 parsed/cleaned/chunk 证据；若实体字段被来源直接支持，可把 review_decision 改为 approved。,scripts/build_human_review_workbook.py
review_workbook_field_next_hop,20,01_ready_without_manual_note,3,field_next_hop,DataField,next_hop,approved,ready_without_manual_note,unreviewed,rfc4271,raw/standards/rfc4271.txt,parsed/standards/rfc4271.json,cleaned/standards/rfc4271.md,rfc4271_s021_2_001|rfc4271_s024_6_001|rfc4271_s026_4_002|rfc4271_s038_6_3_002|rfc4271_s076_10_003|rfc4271_s076_10_004|rfc4271_s081_6_009|rfc4271_s011_3_2_001|rfc4271_s011_3_2_002|rfc4271_s030_5_1_3_001|rfc4271_s030_5_1_3_002|rfc4271_s030_5_1_3_003,packet_field_next_hop,action_entity_review_field_next_hop,False,不需要 LLM；本记录只做人工来源复核入口。,人工打开 parsed/cleaned/chunk 证据；若实体字段被来源直接支持，可把 review_decision 改为 approved。,scripts/build_human_review_workbook.py
review_workbook_field_nlri,21,01_ready_without_manual_note,3,field_nlri,DataField,nlri,approved,ready_without_manual_note,unreviewed,rfc4271,raw/standards/rfc4271.txt,parsed/standards/rfc4271.json,cleaned/standards/rfc4271.md,rfc4271_s006_1_1_002|rfc4271_s010_3_1_001|rfc4271_s021_2_003|rfc4271_s026_4_002|rfc4271_s038_6_3_003|rfc4271_s059_9_001|rfc4271_s012_4_001|rfc4271_s013_4_1_001|rfc4271_s014_4_2_001|rfc4271_s014_4_2_002|rfc4271_s015_4_3_001|rfc4271_s015_4_3_002,packet_field_nlri,action_entity_review_field_nlri,False,不需要 LLM；本记录只做人工来源复核入口。,人工打开 parsed/cleaned/chunk 证据；若实体字段被来源直接支持，可把 review_decision 改为 approved。,scripts/build_human_review_workbook.py
review_workbook_field_origin_attribute,22,01_ready_without_manual_note,3,field_origin_attribute,DataField,origin_attribute,approved,ready_without_manual_note,unreviewed,rfc4271,raw/standards/rfc4271.txt,parsed/standards/rfc4271.json,cleaned/standards/rfc4271.md,rfc4271_s024_6_001|rfc4271_s038_6_3_001|rfc4271_s081_6_009|rfc4271_s006_1_1_002|rfc4271_s010_3_1_001|rfc4271_s015_4_3_001|rfc4271_s015_4_3_002|rfc4271_s015_4_3_003|rfc4271_s019_2_001|rfc4271_s021_2_001|rfc4271_s021_2_002|rfc4271_s021_2_003,packet_field_origin_attribute,action_entity_review_field_origin_attribute,False,不需要 LLM；本记录只做人工来源复核入口。,人工打开 parsed/cleaned/chunk 证据；若实体字段被来源直接支持，可把 review_decision 改为 approved。,scripts/build_human_review_workbook.py
review_workbook_field_otc_attribute,23,01_ready_without_manual_note,3,field_otc_attribute,DataField,otc_attribute,approved,ready_without_manual_note,unreviewed,rfc9234,raw/standards/rfc9234.txt,parsed/standards/rfc9234.json,cleaned/standards/rfc9234.md,rfc9234_s005_3_1_002|rfc9234_s009_5_001|rfc9234_s014_2_001|rfc9234_s015_4_001|rfc9234_s016_6_001|rfc9234_s018_8_001|rfc9234_s018_8_002|rfc9234_s002_1_002|rfc9234_s008_4_2_002|rfc9234_s021_9_2_001|rfc9234_s002_1_001|rfc9234_s003_2_001,packet_field_otc_attribute,action_entity_review_field_otc_attribute,False,不需要 LLM；本记录只做人工来源复核入口。,人工打开 parsed/cleaned/chunk 证据；若实体字段被来源直接支持，可把 review_decision 改为 approved。,scripts/build_human_review_workbook.py
review_workbook_field_path_attributes,24,01_ready_without_manual_note,3,field_path_attributes,DataField,path_attributes,approved,ready_without_manual_note,unreviewed,rfc4271,raw/standards/rfc4271.txt,parsed/standards/rfc4271.json,cleaned/standards/rfc4271.md,rfc4271_s006_1_1_002|rfc4271_s010_3_1_001|rfc4271_s015_4_3_001|rfc4271_s015_4_3_002|rfc4271_s021_2_002|rfc4271_s021_2_003|rfc4271_s026_4_002|rfc4271_s038_6_3_003|rfc4271_s081_6_001|rfc4271_s015_4_3_003|rfc4271_s038_6_3_001|rfc4271_s047_8_1_1_004,packet_field_path_attributes,action_entity_review_field_path_attributes,False,不需要 LLM；本记录只做人工来源复核入口。,人工打开 parsed/cleaned/chunk 证据；若实体字段被来源直接支持，可把 review_decision 改为 approved。,scripts/build_human_review_workbook.py
review_workbook_datasource_peeringdb,25,01_ready_without_manual_note,3,datasource_peeringdb,DataSource,PeeringDB,approved,ready_without_manual_note,unreviewed,peeringdb_api_docs,raw/data_docs/peeringdb_api_docs.yaml,parsed/data_docs/peeringdb_api_docs.json,cleaned/data_docs/peeringdb_api_docs.md,peeringdb_api_docs_s002_paths_004|peeringdb_api_docs_s002_paths_011|peeringdb_api_docs_s002_paths_012|peeringdb_api_docs_s002_paths_018|peeringdb_api_docs_s002_paths_033|peeringdb_api_docs_s002_paths_072|peeringdb_api_docs_s002_paths_080|peeringdb_api_docs_s002_paths_096|peeringdb_api_docs_s002_paths_106|peeringdb_api_docs_s002_paths_153|peeringdb_api_docs_s002_paths_170|peeringdb_api_docs_s002_paths_197,packet_datasource_peeringdb,action_entity_review_datasource_peeringdb,False,不需要 LLM；本记录只做人工来源复核入口。,人工打开 parsed/cleaned/chunk 证据；若实体字段被来源直接支持，可把 review_decision 改为 approved。,scripts/build_human_review_workbook.py
review_workbook_datasource_ripestat,26,01_ready_without_manual_note,3,datasource_ripestat,DataSource,RIPEstat Data API,approved,ready_without_manual_note,unreviewed,ripestat_api_docs|ripe_ris_docs,raw/data_docs/ripe_ris_docs.html|raw/data_docs/ripestat_api_docs.html,parsed/data_docs/ripe_ris_docs.json|parsed/data_docs/ripestat_api_docs.json,cleaned/data_docs/ripe_ris_docs.md|cleaned/data_docs/ripestat_api_docs.md,ripe_ris_docs_s001_full_001|ripestat_api_docs_s001_full_001|ripestat_api_docs_s001_full_006|ripestat_api_docs_s001_full_002|ripestat_api_docs_s001_full_003|ripestat_api_docs_s001_full_004|ripestat_api_docs_s001_full_005,packet_datasource_ripestat,action_entity_review_datasource_ripestat,False,不需要 LLM；本记录只做人工来源复核入口。,人工打开 parsed/cleaned/chunk 证据；若实体字段被来源直接支持，可把 review_decision 改为 approved。,scripts/build_human_review_workbook.py
review_workbook_field_routeviews_endpoint,27,01_ready_without_manual_note,3,field_routeviews_endpoint,DataField,routeviews_endpoint,approved,ready_without_manual_note,unreviewed,routeviews_api_doc,raw/data_docs/routeviews_api_doc.html,parsed/data_docs/routeviews_api_doc.json,cleaned/data_docs/routeviews_api_doc.md,routeviews_api_doc_s001_full_020|routeviews_api_doc_s001_full_003|routeviews_api_doc_s001_full_004|routeviews_api_doc_s001_full_011|routeviews_api_doc_s001_full_016|routeviews_api_doc_s001_full_017|routeviews_api_doc_s001_full_019|routeviews_api_doc_s001_full_001|routeviews_api_doc_s001_full_002|routeviews_api_doc_s001_full_005|routeviews_api_doc_s001_full_006|routeviews_api_doc_s001_full_007,packet_field_routeviews_endpoint,action_entity_review_field_routeviews_endpoint,False,不需要 LLM；本记录只做人工来源复核入口。,人工打开 parsed/cleaned/chunk 证据；若实体字段被来源直接支持，可把 review_decision 改为 approved。,scripts/build_human_review_workbook.py
review_workbook_mechanism_rpki_to_router_delivery,28,01_ready_without_manual_note,3,mechanism_rpki_to_router_delivery,RoutingMechanism,RPKI-to-Router Delivery,approved,ready_without_manual_note,unreviewed,rfc8210|rfc6480,raw/standards/rfc6480.txt|raw/standards/rfc8210.txt,parsed/standards/rfc6480.json|parsed/standards/rfc8210.json,cleaned/standards/rfc6480.md|cleaned/standards/rfc8210.md,rfc6480_s012_4_001|rfc6480_s007_2_3_001|rfc6480_s010_3_1_001|rfc6480_s002_1_001|rfc6480_s015_4_3_002|rfc6480_s026_7_2_001|rfc6480_s004_2_001|rfc6480_s014_4_2_001|rfc6480_s023_4_001|rfc6480_s038_11_1_001|rfc6480_s039_11_2_001|rfc6480_s002_1_002,packet_mechanism_rpki_to_router_delivery,action_entity_review_mechanism_rpki_to_router_delivery,False,不需要 LLM；本记录只做人工来源复核入口。,人工打开 parsed/cleaned/chunk 证据；若实体字段被来源直接支持，可把 review_decision 改为 approved。,scripts/build_human_review_workbook.py
review_workbook_field_rpki_rtr_pdu,29,01_ready_without_manual_note,3,field_rpki_rtr_pdu,DataField,rpki_rtr_pdu,approved,ready_without_manual_note,unreviewed,rfc8210,raw/standards/rfc8210.txt,parsed/standards/rfc8210.json,cleaned/standards/rfc8210.md,rfc8210_s038_14_001|rfc8210_s013_5_5_001|rfc8210_s014_5_6_001|rfc8210_s018_5_10_001|rfc8210_s019_5_11_001|rfc8210_s023_2_001|rfc8210_s029_9_001|rfc8210_s031_9_2_002|rfc8210_s002_1_001|rfc8210_s004_1_2_001|rfc8210_s007_4_001|rfc8210_s008_5_001,packet_field_rpki_rtr_pdu,action_entity_review_field_rpki_rtr_pdu,False,不需要 LLM；本记录只做人工来源复核入口。,人工打开 parsed/cleaned/chunk 证据；若实体字段被来源直接支持，可把 review_decision 改为 approved。,scripts/build_human_review_workbook.py
review_workbook_field_ris_rrc,30,01_ready_without_manual_note,3,field_ris_rrc,DataField,rrc,approved,ready_without_manual_note,unreviewed,ripe_ris_docs|ripe_ris_route_collectors|ripe_ris_raw_data,raw/data_docs/ripe_ris_docs.html|raw/data_docs/ripe_ris_raw_data.html|raw/data_docs/ripe_ris_route_collectors.html,parsed/data_docs/ripe_ris_docs.json|parsed/data_docs/ripe_ris_raw_data.json|parsed/data_docs/ripe_ris_route_collectors.json,cleaned/data_docs/ripe_ris_docs.md|cleaned/data_docs/ripe_ris_raw_data.md|cleaned/data_docs/ripe_ris_route_collectors.md,ripe_ris_docs_s001_full_001|ripe_ris_raw_data_s001_full_001|ripe_ris_raw_data_s001_full_002|ripe_ris_route_collectors_s001_full_001|ripe_ris_route_collectors_s001_full_002|ripe_ris_route_collectors_s001_full_003,packet_field_ris_rrc,action_entity_review_field_ris_rrc,False,不需要 LLM；本记录只做人工来源复核入口。,人工打开 parsed/cleaned/chunk 证据；若实体字段被来源直接支持，可把 review_decision 改为 approved。,scripts/build_human_review_workbook.py
review_workbook_field_vrp_asn,31,01_ready_without_manual_note,3,field_vrp_asn,DataField,vrp_asn,approved,ready_without_manual_note,unreviewed,rfc6811,raw/standards/rfc6811.txt,parsed/standards/rfc6811.json,cleaned/standards/rfc6811.md,rfc6811_s003_2_001|rfc6811_s003_2_002|rfc6811_s003_2_003|rfc6811_s004_2_1_001|rfc6811_s001_1_001|rfc6811_s001_1_002|rfc6811_s001_1_003|rfc6811_s002_1_1_001|rfc6811_s005_3_001|rfc6811_s006_4_001|rfc6811_s007_5_001|rfc6811_s008_6_001,packet_field_vrp_asn,action_entity_review_field_vrp_asn,False,不需要 LLM；本记录只做人工来源复核入口。,人工打开 parsed/cleaned/chunk 证据；若实体字段被来源直接支持，可把 review_decision 改为 approved。,scripts/build_human_review_workbook.py
review_workbook_field_vrp_max_length,32,01_ready_without_manual_note,3,field_vrp_max_length,DataField,vrp_max_length,approved,ready_without_manual_note,unreviewed,rfc6811,raw/standards/rfc6811.txt,parsed/standards/rfc6811.json,cleaned/standards/rfc6811.md,rfc6811_s003_2_001|rfc6811_s003_2_002|rfc6811_s004_2_1_001|rfc6811_s003_2_003|rfc6811_s001_1_001|rfc6811_s001_1_002|rfc6811_s001_1_003|rfc6811_s002_1_1_001|rfc6811_s005_3_001|rfc6811_s006_4_001|rfc6811_s007_5_001|rfc6811_s008_6_001,packet_field_vrp_max_length,action_entity_review_field_vrp_max_length,False,不需要 LLM；本记录只做人工来源复核入口。,人工打开 parsed/cleaned/chunk 证据；若实体字段被来源直接支持，可把 review_decision 改为 approved。,scripts/build_human_review_workbook.py
review_workbook_field_vrp_prefix,33,01_ready_without_manual_note,3,field_vrp_prefix,DataField,vrp_prefix,approved,ready_without_manual_note,unreviewed,rfc6811,raw/standards/rfc6811.txt,parsed/standards/rfc6811.json,cleaned/standards/rfc6811.md,rfc6811_s003_2_001|rfc6811_s003_2_002|rfc6811_s003_2_003|rfc6811_s004_2_1_001|rfc6811_s001_1_001|rfc6811_s001_1_002|rfc6811_s001_1_003|rfc6811_s002_1_1_001|rfc6811_s005_3_001|rfc6811_s006_4_001|rfc6811_s007_5_001|rfc6811_s008_6_001,packet_field_vrp_prefix,action_entity_review_field_vrp_prefix,False,不需要 LLM；本记录只做人工来源复核入口。,人工打开 parsed/cleaned/chunk 证据；若实体字段被来源直接支持，可把 review_decision 改为 approved。,scripts/build_human_review_workbook.py
review_workbook_field_withdrawn_routes,34,01_ready_without_manual_note,3,field_withdrawn_routes,DataField,withdrawn_routes,approved,ready_without_manual_note,unreviewed,rfc4271,raw/standards/rfc4271.txt,parsed/standards/rfc4271.json,cleaned/standards/rfc4271.md,rfc4271_s010_3_1_001|rfc4271_s015_4_3_001|rfc4271_s015_4_3_002|rfc4271_s021_2_002|rfc4271_s021_2_003|rfc4271_s038_6_3_001|rfc4271_s059_9_001|rfc4271_s061_9_1_1_001|rfc4271_s006_1_1_002|rfc4271_s035_6_001|rfc4271_s065_9_1_3_001|rfc4271_s066_9_1_4_001,packet_field_withdrawn_routes,action_entity_review_field_withdrawn_routes,False,不需要 LLM；本记录只做人工来源复核入口。,人工打开 parsed/cleaned/chunk 证据；若实体字段被来源直接支持，可把 review_decision 改为 approved。,scripts/build_human_review_workbook.py
review_workbook_concept_announcement,35,02_ready_with_manual_note,4,concept_announcement,BGPConcept,Announcement,approved,ready_with_manual_note,unreviewed,rfc4271|context_2026,../context.md|raw/standards/rfc4271.txt,parsed/standards/rfc4271.json,cleaned/standards/rfc4271.md,context_2026_paper_bear_001|context_2026_as_path_001|context_2026_datasource_001|context_2026_route_leak_001|context_2026_scope_001|rfc4271_s005_1_001|rfc4271_s009_3_002|rfc4271_s011_3_2_001|rfc4271_s045_8_001|rfc4271_s060_9_1_001|rfc4271_s076_10_003|rfc4271_s004_10_001,packet_concept_announcement,action_entity_review_concept_announcement,False,不需要 LLM；本记录只做人工来源复核入口。,人工优先核验非 manual_note 来源；context_2026 只作范围提示，不能单独作为批准依据。,scripts/build_human_review_workbook.py
review_workbook_evidence_moas,36,02_ready_with_manual_note,4,evidence_moas,EvidenceTemplate,anomaly_moas,approved,ready_with_manual_note,unreviewed,rfc6811|context_2026,../context.md|raw/standards/rfc6811.txt,parsed/standards/rfc6811.json,cleaned/standards/rfc6811.md,context_2026_paper_bear_001|context_2026_route_leak_001|context_2026_scope_001|context_2026_datasource_001|context_2026_as_path_001|rfc6811_s001_1_001|rfc6811_s001_1_002|rfc6811_s003_2_001|rfc6811_s010_8_1_001|rfc6811_s001_1_003|rfc6811_s003_2_002|rfc6811_s005_3_001,packet_evidence_moas,action_entity_review_evidence_moas,False,不需要 LLM；本记录只做人工来源复核入口。,人工优先核验非 manual_note 来源；context_2026 只作范围提示，不能单独作为批准依据。,scripts/build_human_review_workbook.py
review_workbook_evidence_origin_change,37,02_ready_with_manual_note,4,evidence_origin_change,EvidenceTemplate,anomaly_origin_change,approved,ready_with_manual_note,unreviewed,rfc6811|context_2026,../context.md|raw/standards/rfc6811.txt,parsed/standards/rfc6811.json,cleaned/standards/rfc6811.md,context_2026_route_leak_001|context_2026_paper_bear_001|context_2026_datasource_001|context_2026_as_path_001|context_2026_scope_001|rfc6811_s001_1_002|rfc6811_s010_8_1_001|rfc6811_s001_1_001|rfc6811_s003_2_001|rfc6811_s006_4_001|rfc6811_s007_5_001|rfc6811_s001_1_003,packet_evidence_origin_change,action_entity_review_evidence_origin_change,False,不需要 LLM；本记录只做人工来源复核入口。,人工优先核验非 manual_note 来源；context_2026 只作范围提示，不能单独作为批准依据。,scripts/build_human_review_workbook.py
review_workbook_evidence_path_hijack,38,02_ready_with_manual_note,4,evidence_path_hijack,EvidenceTemplate,anomaly_path_hijack,approved,ready_with_manual_note,unreviewed,rfc4271|bgpshield_2025|context_2026,../context.md|raw/papers/bgpshield_2025.pdf|raw/standards/rfc4271.txt,parsed/papers/bgpshield_2025.json|parsed/standards/rfc4271.json,cleaned/papers/bgpshield_2025.md|cleaned/standards/rfc4271.md,bgpshield_2025_s010_page_10_002|bgpshield_2025_s002_page_2_001|bgpshield_2025_s007_page_7_002|bgpshield_2025_s001_page_1_003|bgpshield_2025_s003_page_3_002|bgpshield_2025_s004_page_4_002|bgpshield_2025_s004_page_4_003|bgpshield_2025_s012_page_12_003|bgpshield_2025_s005_page_5_001|bgpshield_2025_s008_page_8_001|bgpshield_2025_s001_page_1_001|bgpshield_2025_s004_page_4_001,packet_evidence_path_hijack,action_entity_review_evidence_path_hijack,False,不需要 LLM；本记录只做人工来源复核入口。,人工优先核验非 manual_note 来源；context_2026 只作范围提示，不能单独作为批准依据。,scripts/build_human_review_workbook.py
review_workbook_evidence_path_manipulation,39,02_ready_with_manual_note,4,evidence_path_manipulation,EvidenceTemplate,anomaly_path_manipulation,approved,ready_with_manual_note,unreviewed,rfc4271|bgpshield_2025|context_2026,../context.md|raw/papers/bgpshield_2025.pdf|raw/standards/rfc4271.txt,parsed/papers/bgpshield_2025.json|parsed/standards/rfc4271.json,cleaned/papers/bgpshield_2025.md|cleaned/standards/rfc4271.md,bgpshield_2025_s004_page_4_002|bgpshield_2025_s010_page_10_002|bgpshield_2025_s010_page_10_001|bgpshield_2025_s002_page_2_001|bgpshield_2025_s005_page_5_001|bgpshield_2025_s004_page_4_003|bgpshield_2025_s008_page_8_001|bgpshield_2025_s003_page_3_002|bgpshield_2025_s007_page_7_002|bgpshield_2025_s008_page_8_002|bgpshield_2025_s008_page_8_003|bgpshield_2025_s009_page_9_002,packet_evidence_path_manipulation,action_entity_review_evidence_path_manipulation,False,不需要 LLM；本记录只做人工来源复核入口。,人工优先核验非 manual_note 来源；context_2026 只作范围提示，不能单独作为批准依据。,scripts/build_human_review_workbook.py
review_workbook_evidence_prefix_hijack,40,02_ready_with_manual_note,4,evidence_prefix_hijack,EvidenceTemplate,anomaly_prefix_hijack,approved,ready_with_manual_note,unreviewed,rfc6811|bear_2025|context_2026,../context.md|raw/papers/bear_2025.pdf|raw/standards/rfc6811.txt,parsed/papers/bear_2025.json|parsed/standards/rfc6811.json,cleaned/papers/bear_2025.md|cleaned/standards/rfc6811.md,bear_2025_s004_page_4_003|bear_2025_s002_page_2_002|bear_2025_s002_page_2_003|bear_2025_s004_page_4_002|bear_2025_s007_page_7_002|bear_2025_s001_page_1_003|bear_2025_s002_page_2_001|bear_2025_s006_page_6_002|bear_2025_s007_page_7_003|bear_2025_s001_page_1_001|bear_2025_s003_page_3_002|bear_2025_s008_page_8_002,packet_evidence_prefix_hijack,action_entity_review_evidence_prefix_hijack,False,不需要 LLM；本记录只做人工来源复核入口。,人工优先核验非 manual_note 来源；context_2026 只作范围提示，不能单独作为批准依据。,scripts/build_human_review_workbook.py
review_workbook_evidence_prefix_outage,41,02_ready_with_manual_note,4,evidence_prefix_outage,EvidenceTemplate,anomaly_prefix_outage,approved,ready_with_manual_note,unreviewed,rfc4271|context_2026,../context.md|raw/standards/rfc4271.txt,parsed/standards/rfc4271.json,cleaned/standards/rfc4271.md,context_2026_paper_bear_001|context_2026_datasource_001|context_2026_route_leak_001|context_2026_as_path_001|context_2026_scope_001|rfc4271_s006_1_1_001|rfc4271_s058_8_2_2_004|rfc4271_s058_8_2_2_007|rfc4271_s058_8_2_2_011|rfc4271_s048_8_1_2_001|rfc4271_s058_8_2_2_010|rfc4271_s058_8_2_2_014,packet_evidence_prefix_outage,action_entity_review_evidence_prefix_outage,False,不需要 LLM；本记录只做人工来源复核入口。,人工优先核验非 manual_note 来源；context_2026 只作范围提示，不能单独作为批准依据。,scripts/build_human_review_workbook.py
review_workbook_evidence_route_leak,42,02_ready_with_manual_note,4,evidence_route_leak,EvidenceTemplate,anomaly_route_leak,approved,ready_with_manual_note,unreviewed,rfc7908|rfc9234|beam_2024|context_2026,../context.md|raw/papers/beam_2024.pdf|raw/standards/rfc7908.txt|raw/standards/rfc9234.txt,parsed/papers/beam_2024.json|parsed/standards/rfc7908.json|parsed/standards/rfc9234.json,cleaned/papers/beam_2024.md|cleaned/standards/rfc7908.md|cleaned/standards/rfc9234.md,beam_2024_s009_page_9_003|beam_2024_s009_page_9_001|beam_2024_s015_page_15_001|beam_2024_s009_page_9_002|beam_2024_s010_page_10_003|beam_2024_s013_page_13_001|beam_2024_s003_page_3_001|beam_2024_s010_page_10_002|beam_2024_s015_page_15_002|beam_2024_s002_page_2_003|beam_2024_s003_page_3_002|beam_2024_s003_page_3_003,packet_evidence_route_leak,action_entity_review_evidence_route_leak,False,不需要 LLM；本记录只做人工来源复核入口。,人工优先核验非 manual_note 来源；context_2026 只作范围提示，不能单独作为批准依据。,scripts/build_human_review_workbook.py
review_workbook_evidence_subprefix_hijack,43,02_ready_with_manual_note,4,evidence_subprefix_hijack,EvidenceTemplate,anomaly_subprefix_hijack,approved,ready_with_manual_note,unreviewed,rfc6811|context_2026,../context.md|raw/standards/rfc6811.txt,parsed/standards/rfc6811.json,cleaned/standards/rfc6811.md,context_2026_paper_bear_001|context_2026_route_leak_001|context_2026_datasource_001|context_2026_scope_001|context_2026_as_path_001|rfc6811_s001_1_001|rfc6811_s008_6_001|rfc6811_s003_2_001|rfc6811_s001_1_002|rfc6811_s006_4_001|rfc6811_s001_1_003|rfc6811_s003_2_003,packet_evidence_subprefix_hijack,action_entity_review_evidence_subprefix_hijack,False,不需要 LLM；本记录只做人工来源复核入口。,人工优先核验非 manual_note 来源；context_2026 只作范围提示，不能单独作为批准依据。,scripts/build_human_review_workbook.py
review_workbook_concept_as,44,02_ready_with_manual_note,4,concept_as,BGPConcept,AS,approved,ready_with_manual_note,unreviewed,rfc4271|context_2026,../context.md|raw/standards/rfc4271.txt,parsed/standards/rfc4271.json,cleaned/standards/rfc4271.md,context_2026_paper_bear_001|context_2026_scope_001|context_2026_as_path_001|context_2026_datasource_001|context_2026_route_leak_001|rfc4271_s005_1_001|rfc4271_s009_3_002|rfc4271_s006_1_1_001|rfc4271_s006_1_1_002|rfc4271_s009_3_001|rfc4271_s014_4_2_001|rfc4271_s015_4_3_001,packet_concept_as,action_entity_review_concept_as,False,不需要 LLM；本记录只做人工来源复核入口。,人工优先核验非 manual_note 来源；context_2026 只作范围提示，不能单独作为批准依据。,scripts/build_human_review_workbook.py
review_workbook_concept_as_relationship,45,02_ready_with_manual_note,4,concept_as_relationship,BGPConcept,AS Relationship,approved,ready_with_manual_note,unreviewed,caida_as_relationships|rfc7908|context_2026,../context.md|raw/data_docs/caida_as_relationships.html|raw/standards/rfc7908.txt,parsed/data_docs/caida_as_relationships.json|parsed/standards/rfc7908.json,cleaned/data_docs/caida_as_relationships.md|cleaned/standards/rfc7908.md,caida_as_relationships_s001_full_002|caida_as_relationships_s001_full_004|caida_as_relationships_s001_full_005|caida_as_relationships_s001_full_006|caida_as_relationships_s001_full_012|caida_as_relationships_s001_full_014|caida_as_relationships_s001_full_001|caida_as_relationships_s001_full_003|caida_as_relationships_s001_full_007|caida_as_relationships_s001_full_009|caida_as_relationships_s001_full_010|caida_as_relationships_s001_full_011,packet_concept_as_relationship,action_entity_review_concept_as_relationship,False,不需要 LLM；本记录只做人工来源复核入口。,人工优先核验非 manual_note 来源；context_2026 只作范围提示，不能单独作为批准依据。,scripts/build_human_review_workbook.py
review_workbook_fp_as_relationship_error,46,02_ready_with_manual_note,4,fp_as_relationship_error,FalsePositivePattern,AS relationship inference error,approved,ready_with_manual_note,unreviewed,caida_as_relationships|rfc7908|context_2026,../context.md|raw/data_docs/caida_as_relationships.html|raw/standards/rfc7908.txt,parsed/data_docs/caida_as_relationships.json|parsed/standards/rfc7908.json,cleaned/data_docs/caida_as_relationships.md|cleaned/standards/rfc7908.md,caida_as_relationships_s001_full_003|caida_as_relationships_s001_full_005|caida_as_relationships_s001_full_006|caida_as_relationships_s001_full_007|caida_as_relationships_s001_full_012|caida_as_relationships_s001_full_013|caida_as_relationships_s001_full_014|caida_as_relationships_s001_full_015|caida_as_relationships_s001_full_001|caida_as_relationships_s001_full_002|caida_as_relationships_s001_full_004|caida_as_relationships_s001_full_009,packet_fp_as_relationship_error,action_entity_review_fp_as_relationship_error,False,不需要 LLM；本记录只做人工来源复核入口。,人工优先核验非 manual_note 来源；context_2026 只作范围提示，不能单独作为批准依据。,scripts/build_human_review_workbook.py
review_workbook_concept_as_path,47,02_ready_with_manual_note,4,concept_as_path,BGPConcept,AS_PATH,approved,ready_with_manual_note,unreviewed,rfc4271|bear_2025|context_2026,../context.md|raw/papers/bear_2025.pdf|raw/standards/rfc4271.txt,parsed/papers/bear_2025.json|parsed/standards/rfc4271.json,cleaned/papers/bear_2025.md|cleaned/standards/rfc4271.md,bear_2025_s002_page_2_002|bear_2025_s002_page_2_003|bear_2025_s003_page_3_001|bear_2025_s003_page_3_002|bear_2025_s004_page_4_001|bear_2025_s004_page_4_002|bear_2025_s004_page_4_003|bear_2025_s005_page_5_001|bear_2025_s005_page_5_002|bear_2025_s006_page_6_001|bear_2025_s006_page_6_002|bear_2025_s008_page_8_001,packet_concept_as_path,action_entity_review_concept_as_path,False,不需要 LLM；本记录只做人工来源复核入口。,人工优先核验非 manual_note 来源；context_2026 只作范围提示，不能单独作为批准依据。,scripts/build_human_review_workbook.py
review_workbook_field_as_path,48,02_ready_with_manual_note,4,field_as_path,DataField,as_path,approved,ready_with_manual_note,unreviewed,rfc4271|bear_2025|context_2026,../context.md|raw/papers/bear_2025.pdf|raw/standards/rfc4271.txt,parsed/papers/bear_2025.json|parsed/standards/rfc4271.json,cleaned/papers/bear_2025.md|cleaned/standards/rfc4271.md,bear_2025_s002_page_2_002|bear_2025_s002_page_2_003|bear_2025_s003_page_3_001|bear_2025_s003_page_3_002|bear_2025_s004_page_4_001|bear_2025_s004_page_4_002|bear_2025_s004_page_4_003|bear_2025_s005_page_5_001|bear_2025_s005_page_5_002|bear_2025_s006_page_6_001|bear_2025_s006_page_6_002|bear_2025_s001_page_1_001,packet_field_as_path,action_entity_review_field_as_path,False,不需要 LLM；本记录只做人工来源复核入口。,人工优先核验非 manual_note 来源；context_2026 只作范围提示，不能单独作为批准依据。,scripts/build_human_review_workbook.py
review_workbook_mechanism_as_path_prepending,49,02_ready_with_manual_note,4,mechanism_as_path_prepending,RoutingMechanism,AS_PATH Prepending,approved,ready_with_manual_note,unreviewed,rfc4271|context_2026,../context.md|raw/standards/rfc4271.txt,parsed/standards/rfc4271.json,cleaned/standards/rfc4271.md,context_2026_as_path_001|context_2026_datasource_001|context_2026_paper_bear_001|context_2026_route_leak_001|context_2026_scope_001|rfc4271_s005_1_001|rfc4271_s009_3_002|rfc4271_s009_3_003|rfc4271_s010_3_1_001|rfc4271_s022_4_4_001|rfc4271_s026_4_002|rfc4271_s029_5_1_2_001,packet_mechanism_as_path_prepending,action_entity_review_mechanism_as_path_prepending,False,不需要 LLM；本记录只做人工来源复核入口。,人工优先核验非 manual_note 来源；context_2026 只作范围提示，不能单独作为批准依据。,scripts/build_human_review_workbook.py
review_workbook_field_as_relationship_sequence,50,02_ready_with_manual_note,4,field_as_relationship_sequence,DataField,as_relationship_sequence,approved,ready_with_manual_note,unreviewed,rfc7908|caida_as_relationships|context_2026,../context.md|raw/data_docs/caida_as_relationships.html|raw/standards/rfc7908.txt,parsed/data_docs/caida_as_relationships.json|parsed/standards/rfc7908.json,cleaned/data_docs/caida_as_relationships.md|cleaned/standards/rfc7908.md,caida_as_relationships_s001_full_002|caida_as_relationships_s001_full_001|caida_as_relationships_s001_full_003|caida_as_relationships_s001_full_004|caida_as_relationships_s001_full_005|caida_as_relationships_s001_full_006|caida_as_relationships_s001_full_007|caida_as_relationships_s001_full_009|caida_as_relationships_s001_full_010|caida_as_relationships_s001_full_011|caida_as_relationships_s001_full_012|caida_as_relationships_s001_full_013,packet_field_as_relationship_sequence,action_entity_review_field_as_relationship_sequence,False,不需要 LLM；本记录只做人工来源复核入口。,人工优先核验非 manual_note 来源；context_2026 只作范围提示，不能单独作为批准依据。,scripts/build_human_review_workbook.py
review_workbook_concept_asn,51,02_ready_with_manual_note,4,concept_asn,BGPConcept,ASN,approved,ready_with_manual_note,unreviewed,rfc4271|context_2026,../context.md|raw/standards/rfc4271.txt,parsed/standards/rfc4271.json,cleaned/standards/rfc4271.md,context_2026_as_path_001|context_2026_paper_bear_001|context_2026_datasource_001|context_2026_route_leak_001|context_2026_scope_001|rfc4271_s021_2_002|rfc4271_s029_5_1_2_001|rfc4271_s029_5_1_2_002|rfc4271_s033_5_1_6_001|rfc4271_s034_5_1_7_001|rfc4271_s045_8_001|rfc4271_s064_9_1_2_2_001,packet_concept_asn,action_entity_review_concept_asn,False,不需要 LLM；本记录只做人工来源复核入口。,人工优先核验非 manual_note 来源；context_2026 只作范围提示，不能单独作为批准依据。,scripts/build_human_review_workbook.py
review_workbook_paper_method_bear,52,02_ready_with_manual_note,4,paper_method_bear,PaperMethod,BEAR: BGP Event Analysis and Reporting,approved,ready_with_manual_note,unreviewed,bear_2025|context_2026,../context.md|raw/papers/bear_2025.pdf,parsed/papers/bear_2025.json,cleaned/papers/bear_2025.md,bear_2025_s001_page_1_001|bear_2025_s002_page_2_001|bear_2025_s002_page_2_002|bear_2025_s002_page_2_003|bear_2025_s007_page_7_001|bear_2025_s009_page_9_001|bear_2025_s001_page_1_003|bear_2025_s003_page_3_002|bear_2025_s003_page_3_003|bear_2025_s005_page_5_001|bear_2025_s006_page_6_003|bear_2025_s008_page_8_001,packet_paper_method_bear,action_entity_review_paper_method_bear,False,不需要 LLM；本记录只做人工来源复核入口。,人工优先核验非 manual_note 来源；context_2026 只作范围提示，不能单独作为批准依据。,scripts/build_human_review_workbook.py
review_workbook_mechanism_before_after_path_comparison,53,02_ready_with_manual_note,4,mechanism_before_after_path_comparison,RoutingMechanism,Before-after AS path comparison,approved,ready_with_manual_note,unreviewed,bear_2025|context_2026,../context.md|raw/papers/bear_2025.pdf,parsed/papers/bear_2025.json,cleaned/papers/bear_2025.md,bear_2025_s002_page_2_003|bear_2025_s004_page_4_003|bear_2025_s004_page_4_001|bear_2025_s002_page_2_002|bear_2025_s002_page_2_001|bear_2025_s006_page_6_002|bear_2025_s005_page_5_002|bear_2025_s004_page_4_002|bear_2025_s003_page_3_002|bear_2025_s003_page_3_004|bear_2025_s003_page_3_001|bear_2025_s007_page_7_001,packet_mechanism_before_after_path_comparison,action_entity_review_mechanism_before_after_path_comparison,False,不需要 LLM；本记录只做人工来源复核入口。,人工优先核验非 manual_note 来源；context_2026 只作范围提示，不能单独作为批准依据。,scripts/build_human_review_workbook.py
review_workbook_concept_bgp,54,02_ready_with_manual_note,4,concept_bgp,BGPConcept,BGP,approved,ready_with_manual_note,unreviewed,rfc4271|context_2026,../context.md|raw/standards/rfc4271.txt,parsed/standards/rfc4271.json,cleaned/standards/rfc4271.md,context_2026_paper_bear_001|context_2026_as_path_001|context_2026_datasource_001|context_2026_route_leak_001|context_2026_scope_001|rfc4271_s005_1_001|rfc4271_s009_3_001|rfc4271_s081_6_010|rfc4271_s009_3_002|rfc4271_s006_1_1_001|rfc4271_s006_1_1_002|rfc4271_s011_3_2_001,packet_concept_bgp,action_entity_review_concept_bgp,False,不需要 LLM；本记录只做人工来源复核入口。,人工优先核验非 manual_note 来源；context_2026 只作范围提示，不能单独作为批准依据。,scripts/build_human_review_workbook.py
review_workbook_concept_bgp_session,55,02_ready_with_manual_note,4,concept_bgp_session,BGPConcept,BGP Session,approved,ready_with_manual_note,unreviewed,rfc4271|ripe_ris_docs|context_2026,../context.md|raw/data_docs/ripe_ris_docs.html|raw/standards/rfc4271.txt,parsed/data_docs/ripe_ris_docs.json|parsed/standards/rfc4271.json,cleaned/data_docs/ripe_ris_docs.md|cleaned/standards/rfc4271.md,context_2026_paper_bear_001|context_2026_as_path_001|context_2026_datasource_001|context_2026_route_leak_001|context_2026_scope_001|rfc4271_s045_8_001|rfc4271_s081_6_009|rfc4271_s005_1_001|rfc4271_s009_3_002|rfc4271_s011_3_2_001|rfc4271_s046_10_001|rfc4271_s047_8_1_1_001,packet_concept_bgp_session,action_entity_review_concept_bgp_session,False,不需要 LLM；本记录只做人工来源复核入口。,人工优先核验非 manual_note 来源；context_2026 只作范围提示，不能单独作为批准依据。,scripts/build_human_review_workbook.py
review_workbook_concept_bgp_speaker,56,02_ready_with_manual_note,4,concept_bgp_speaker,BGPConcept,BGP Speaker,approved,ready_with_manual_note,unreviewed,rfc4271|context_2026,../context.md|raw/standards/rfc4271.txt,parsed/standards/rfc4271.json,cleaned/standards/rfc4271.md,context_2026_paper_bear_001|context_2026_as_path_001|context_2026_datasource_001|context_2026_route_leak_001|context_2026_scope_001|rfc4271_s006_1_1_001|rfc4271_s006_1_1_002|rfc4271_s009_3_001|rfc4271_s011_3_2_001|rfc4271_s021_2_001|rfc4271_s030_5_1_3_001|rfc4271_s030_5_1_3_002,packet_concept_bgp_speaker,action_entity_review_concept_bgp_speaker,False,不需要 LLM；本记录只做人工来源复核入口。,人工优先核验非 manual_note 来源；context_2026 只作范围提示，不能单独作为批准依据。,scripts/build_human_review_workbook.py
review_workbook_concept_bgp_update,57,02_ready_with_manual_note,4,concept_bgp_update,BGPConcept,BGP Update,approved,ready_with_manual_note,unreviewed,rfc4271|bgpstream_docs|context_2026,../context.md|raw/standards/rfc4271.txt|raw/tools_docs/bgpstream_docs.html,parsed/data_docs/bgpstream_docs.json|parsed/standards/rfc4271.json,cleaned/data_docs/bgpstream_docs.md|cleaned/standards/rfc4271.md,bgpstream_docs_s001_full_001|context_2026_paper_bear_001|context_2026_as_path_001|context_2026_datasource_001|context_2026_route_leak_001|context_2026_scope_001|rfc4271_s011_3_2_001|rfc4271_s076_10_003|rfc4271_s081_6_007|rfc4271_s006_1_1_001|rfc4271_s006_1_1_002|rfc4271_s010_3_1_001,packet_concept_bgp_update,action_entity_review_concept_bgp_update,False,不需要 LLM；本记录只做人工来源复核入口。,人工优先核验非 manual_note 来源；context_2026 只作范围提示，不能单独作为批准依据。,scripts/build_human_review_workbook.py
review_workbook_paper_method_bgpshield,58,02_ready_with_manual_note,4,paper_method_bgpshield,PaperMethod,BGPShield,pending,ready_with_manual_note,unreviewed,bgpshield_2025|context_2026,../context.md|raw/papers/bgpshield_2025.pdf,parsed/papers/bgpshield_2025.json,cleaned/papers/bgpshield_2025.md,bgpshield_2025_s001_page_1_001|bgpshield_2025_s001_page_1_003|bgpshield_2025_s003_page_3_001|bgpshield_2025_s003_page_3_002|bgpshield_2025_s003_page_3_003|bgpshield_2025_s004_page_4_003|bgpshield_2025_s008_page_8_003|bgpshield_2025_s010_page_10_001|bgpshield_2025_s012_page_12_001|bgpshield_2025_s013_page_13_002|bgpshield_2025_s013_page_13_003|bgpshield_2025_s014_page_14_001,packet_paper_method_bgpshield,action_entity_review_paper_method_bgpshield,False,不需要 LLM；本记录只做人工来源复核入口。,人工优先核验非 manual_note 来源；context_2026 只作范围提示，不能单独作为批准依据。,scripts/build_human_review_workbook.py
review_workbook_concept_bgpstream,59,02_ready_with_manual_note,4,concept_bgpstream,BGPConcept,BGPStream,approved,ready_with_manual_note,unreviewed,bgpstream_docs|context_2026,../context.md|raw/tools_docs/bgpstream_docs.html,parsed/data_docs/bgpstream_docs.json,cleaned/data_docs/bgpstream_docs.md,bgpstream_docs_s001_full_001|context_2026_paper_bear_001|context_2026_as_path_001|context_2026_datasource_001|context_2026_route_leak_001|context_2026_scope_001,packet_concept_bgpstream,action_entity_review_concept_bgpstream,False,不需要 LLM；本记录只做人工来源复核入口。,人工优先核验非 manual_note 来源；context_2026 只作范围提示，不能单独作为批准依据。,scripts/build_human_review_workbook.py
review_workbook_datasource_bgpstream,60,02_ready_with_manual_note,4,datasource_bgpstream,DataSource,BGPStream,approved,ready_with_manual_note,unreviewed,bgpstream_docs|bear_2025|context_2026,../context.md|raw/papers/bear_2025.pdf|raw/tools_docs/bgpstream_docs.html,parsed/data_docs/bgpstream_docs.json|parsed/papers/bear_2025.json,cleaned/data_docs/bgpstream_docs.md|cleaned/papers/bear_2025.md,bear_2025_s004_page_4_001|bear_2025_s006_page_6_001|bear_2025_s010_page_10_004|bear_2025_s001_page_1_001|bear_2025_s001_page_1_002|bear_2025_s001_page_1_003|bear_2025_s002_page_2_001|bear_2025_s002_page_2_002|bear_2025_s002_page_2_003|bear_2025_s003_page_3_001|bear_2025_s003_page_3_002|bear_2025_s003_page_3_003,packet_datasource_bgpstream,action_entity_review_datasource_bgpstream,False,不需要 LLM；本记录只做人工来源复核入口。,人工优先核验非 manual_note 来源；context_2026 只作范围提示，不能单独作为批准依据。,scripts/build_human_review_workbook.py
review_workbook_datasource_caida_as_relationships,61,02_ready_with_manual_note,4,datasource_caida_as_relationships,DataSource,CAIDA AS Relationships,approved,ready_with_manual_note,unreviewed,caida_as_relationships|context_2026,../context.md|raw/data_docs/caida_as_relationships.html,parsed/data_docs/caida_as_relationships.json,cleaned/data_docs/caida_as_relationships.md,caida_as_relationships_s001_full_013|caida_as_relationships_s001_full_001|caida_as_relationships_s001_full_011|caida_as_relationships_s001_full_012|caida_as_relationships_s001_full_015|caida_as_relationships_s001_full_002|caida_as_relationships_s001_full_003|caida_as_relationships_s001_full_004|caida_as_relationships_s001_full_005|caida_as_relationships_s001_full_010|caida_as_relationships_s001_full_014|caida_as_relationships_s001_full_006,packet_datasource_caida_as_relationships,action_entity_review_datasource_caida_as_relationships,False,不需要 LLM；本记录只做人工来源复核入口。,人工优先核验非 manual_note 来源；context_2026 只作范围提示，不能单独作为批准依据。,scripts/build_human_review_workbook.py
review_workbook_case_celerbridge_bgp_hijack,62,02_ready_with_manual_note,4,case_celerbridge_bgp_hijack,Case,CelerBridge BGP Hijack,pending,ready_with_manual_note,unreviewed,bgpshield_2025|context_2026,../context.md|raw/papers/bgpshield_2025.pdf,parsed/papers/bgpshield_2025.json,cleaned/papers/bgpshield_2025.md,bgpshield_2025_s002_page_2_001|bgpshield_2025_s011_page_11_002|bgpshield_2025_s004_page_4_002|bgpshield_2025_s008_page_8_003|bgpshield_2025_s010_page_10_001|bgpshield_2025_s010_page_10_002|bgpshield_2025_s003_page_3_002|bgpshield_2025_s004_page_4_001|bgpshield_2025_s004_page_4_003|bgpshield_2025_s005_page_5_001|bgpshield_2025_s007_page_7_002|bgpshield_2025_s008_page_8_002,packet_case_celerbridge_bgp_hijack,action_entity_review_case_celerbridge_bgp_hijack,False,不需要 LLM；本记录只做人工来源复核入口。,人工优先核验非 manual_note 来源；context_2026 只作范围提示，不能单独作为批准依据。,scripts/build_human_review_workbook.py
review_workbook_field_collector,63,02_ready_with_manual_note,4,field_collector,DataField,collector,approved,ready_with_manual_note,unreviewed,routeviews_api_doc|ripe_ris_docs|bgpstream_docs|context_2026,../context.md|raw/data_docs/ripe_ris_docs.html|raw/data_docs/routeviews_api_doc.html|raw/tools_docs/bgpstream_docs.html,parsed/data_docs/bgpstream_docs.json|parsed/data_docs/ripe_ris_docs.json|parsed/data_docs/routeviews_api_doc.json,cleaned/data_docs/bgpstream_docs.md|cleaned/data_docs/ripe_ris_docs.md|cleaned/data_docs/routeviews_api_doc.md,bgpstream_docs_s001_full_001|context_2026_datasource_001|context_2026_route_leak_001|context_2026_as_path_001|context_2026_paper_bear_001|context_2026_scope_001|ripe_ris_docs_s001_full_001|routeviews_api_doc_s001_full_020|routeviews_api_doc_s001_full_001|routeviews_api_doc_s001_full_002|routeviews_api_doc_s001_full_003|routeviews_api_doc_s001_full_004,packet_field_collector,action_entity_review_field_collector,False,不需要 LLM；本记录只做人工来源复核入口。,人工优先核验非 manual_note 来源；context_2026 只作范围提示，不能单独作为批准依据。,scripts/build_human_review_workbook.py
review_workbook_concept_customer_cone,64,02_ready_with_manual_note,4,concept_customer_cone,BGPConcept,Customer Cone,approved,ready_with_manual_note,unreviewed,caida_as_relationships|context_2026,../context.md|raw/data_docs/caida_as_relationships.html,parsed/data_docs/caida_as_relationships.json,cleaned/data_docs/caida_as_relationships.md,caida_as_relationships_s001_full_008|caida_as_relationships_s001_full_014|caida_as_relationships_s001_full_007|caida_as_relationships_s001_full_009|caida_as_relationships_s001_full_010|caida_as_relationships_s001_full_011|caida_as_relationships_s001_full_013|caida_as_relationships_s001_full_015|caida_as_relationships_s001_full_005|caida_as_relationships_s001_full_004|caida_as_relationships_s001_full_006|caida_as_relationships_s001_full_012,packet_concept_customer_cone,action_entity_review_concept_customer_cone,False,不需要 LLM；本记录只做人工来源复核入口。,人工优先核验非 manual_note 来源；context_2026 只作范围提示，不能单独作为批准依据。,scripts/build_human_review_workbook.py
review_workbook_concept_ebgp,65,02_ready_with_manual_note,4,concept_ebgp,BGPConcept,eBGP,approved,ready_with_manual_note,unreviewed,rfc4271|context_2026,../context.md|raw/standards/rfc4271.txt,parsed/standards/rfc4271.json,cleaned/standards/rfc4271.md,context_2026_paper_bear_001|context_2026_as_path_001|context_2026_datasource_001|context_2026_route_leak_001|context_2026_scope_001|rfc4271_s006_1_1_001|rfc4271_s009_3_003|rfc4271_s030_5_1_3_002|rfc4271_s031_5_1_4_001|rfc4271_s038_6_3_002|rfc4271_s045_8_001|rfc4271_s060_9_1_001,packet_concept_ebgp,action_entity_review_concept_ebgp,False,不需要 LLM；本记录只做人工来源复核入口。,人工优先核验非 manual_note 来源；context_2026 只作范围提示，不能单独作为批准依据。,scripts/build_human_review_workbook.py
review_workbook_case_facebook_2021_outage,66,02_ready_with_manual_note,4,case_facebook_2021_outage,Case,Facebook 2021 Outage,pending,ready_with_manual_note,unreviewed,facebook_outage_cloudflare_2021|facebook_outage_meta_2021|context_2026,../context.md|raw/cases/facebook_outage_cloudflare_2021.html|raw/cases/facebook_outage_meta_2021.html,parsed/cases/facebook_outage_cloudflare_2021.json|parsed/cases/facebook_outage_meta_2021.json,cleaned/cases/facebook_outage_cloudflare_2021.md|cleaned/cases/facebook_outage_meta_2021.md,context_2026_as_path_001|context_2026_datasource_001|context_2026_paper_bear_001|context_2026_scope_001|context_2026_route_leak_001|facebook_outage_cloudflare_2021_s001_full_001|facebook_outage_cloudflare_2021_s001_full_007|facebook_outage_cloudflare_2021_s001_full_006|facebook_outage_cloudflare_2021_s001_full_008|facebook_outage_cloudflare_2021_s001_full_004|facebook_outage_cloudflare_2021_s001_full_005|facebook_outage_cloudflare_2021_s001_full_003,packet_case_facebook_2021_outage,action_entity_review_case_facebook_2021_outage,False,不需要 LLM；本记录只做人工来源复核入口。,人工优先核验非 manual_note 来源；context_2026 只作范围提示，不能单独作为批准依据。,scripts/build_human_review_workbook.py
review_workbook_concept_fib,67,02_ready_with_manual_note,4,concept_fib,BGPConcept,FIB,approved,ready_with_manual_note,unreviewed,rfc4271|context_2026,../context.md|raw/standards/rfc4271.txt,parsed/standards/rfc4271.json,cleaned/standards/rfc4271.md,context_2026_paper_bear_001|context_2026_as_path_001|context_2026_datasource_001|context_2026_route_leak_001|context_2026_scope_001|rfc4271_s005_1_001|rfc4271_s009_3_001|rfc4271_s009_3_002|rfc4271_s011_3_2_001|rfc4271_s060_9_1_001|rfc4271_s006_1_1_002|rfc4271_s010_3_1_001,packet_concept_fib,action_entity_review_concept_fib,False,不需要 LLM；本记录只做人工来源复核入口。,人工优先核验非 manual_note 来源；context_2026 只作范围提示，不能单独作为批准依据。,scripts/build_human_review_workbook.py
review_workbook_concept_ibgp,68,02_ready_with_manual_note,4,concept_ibgp,BGPConcept,iBGP,approved,ready_with_manual_note,unreviewed,rfc4271|context_2026,../context.md|raw/standards/rfc4271.txt,parsed/standards/rfc4271.json,cleaned/standards/rfc4271.md,context_2026_paper_bear_001|context_2026_as_path_001|context_2026_datasource_001|context_2026_route_leak_001|context_2026_scope_001|rfc4271_s006_1_1_002|rfc4271_s009_3_003|rfc4271_s061_9_1_1_001|rfc4271_s005_1_001|rfc4271_s009_3_002|rfc4271_s009_3_004|rfc4271_s011_3_2_001,packet_concept_ibgp,action_entity_review_concept_ibgp,False,不需要 LLM；本记录只做人工来源复核入口。,人工优先核验非 manual_note 来源；context_2026 只作范围提示，不能单独作为批准依据。,scripts/build_human_review_workbook.py
review_workbook_case_indosat_route_leak,69,02_ready_with_manual_note,4,case_indosat_route_leak,Case,Indosat Route Leak,pending,ready_with_manual_note,unreviewed,indosat_route_leak_2014|context_2026,../context.md|raw/cases/indosat_route_leak_2014.html,parsed/cases/indosat_route_leak_2014.json,cleaned/cases/indosat_route_leak_2014.md,context_2026_route_leak_001|context_2026_datasource_001|context_2026_as_path_001|context_2026_paper_bear_001|context_2026_scope_001|indosat_route_leak_2014_s001_full_001|indosat_route_leak_2014_s001_full_002|indosat_route_leak_2014_s001_full_005|indosat_route_leak_2014_s001_full_003|indosat_route_leak_2014_s001_full_004|indosat_route_leak_2014_s001_full_006,packet_case_indosat_route_leak,action_entity_review_case_indosat_route_leak,False,不需要 LLM；本记录只做人工来源复核入口。,人工优先核验非 manual_note 来源；context_2026 只作范围提示，不能单独作为批准依据。,scripts/build_human_review_workbook.py
review_workbook_concept_irr,70,02_ready_with_manual_note,4,concept_irr,BGPConcept,IRR,approved,ready_with_manual_note,unreviewed,rfc2622|context_2026,../context.md|raw/standards/rfc2622.txt,parsed/standards/rfc2622.json,cleaned/standards/rfc2622.md,context_2026_paper_bear_001|context_2026_as_path_001|context_2026_datasource_001|context_2026_route_leak_001|context_2026_scope_001|rfc2622_s014_1_002|rfc2622_s038_12_001|rfc2622_s038_12_002|rfc2622_s015_2_004|rfc2622_s014_1_001|rfc2622_s016_3_001|rfc2622_s016_3_002,packet_concept_irr,action_entity_review_concept_irr,False,不需要 LLM；本记录只做人工来源复核入口。,人工优先核验非 manual_note 来源；context_2026 只作范围提示，不能单独作为批准依据。,scripts/build_human_review_workbook.py
review_workbook_paper_method_beam,71,02_ready_with_manual_note,4,paper_method_beam,PaperMethod,Learning with Semantics / BEAM,approved,ready_with_manual_note,unreviewed,beam_2024|context_2026,../context.md|raw/papers/beam_2024.pdf,parsed/papers/beam_2024.json,cleaned/papers/beam_2024.md,beam_2024_s002_page_2_001|beam_2024_s015_page_15_003|beam_2024_s011_page_11_004|beam_2024_s001_page_1_001|beam_2024_s003_page_3_001|beam_2024_s003_page_3_003|beam_2024_s005_page_5_001|beam_2024_s015_page_15_002|beam_2024_s002_page_2_003|beam_2024_s004_page_4_002|beam_2024_s004_page_4_003|beam_2024_s005_page_5_002,packet_paper_method_beam,action_entity_review_paper_method_beam,False,不需要 LLM；本记录只做人工来源复核入口。,人工优先核验非 manual_note 来源；context_2026 只作范围提示，不能单独作为批准依据。,scripts/build_human_review_workbook.py
review_workbook_fp_legitimate_moas,72,02_ready_with_manual_note,4,fp_legitimate_moas,FalsePositivePattern,Legitimate MOAS,approved,ready_with_manual_note,unreviewed,rfc6811|context_2026,../context.md|raw/standards/rfc6811.txt,parsed/standards/rfc6811.json,cleaned/standards/rfc6811.md,context_2026_route_leak_001|context_2026_as_path_001|context_2026_datasource_001|context_2026_paper_bear_001|context_2026_scope_001|rfc6811_s001_1_001|rfc6811_s001_1_002|rfc6811_s001_1_003|rfc6811_s002_1_1_001|rfc6811_s003_2_001|rfc6811_s003_2_002|rfc6811_s003_2_003,packet_fp_legitimate_moas,action_entity_review_fp_legitimate_moas,False,不需要 LLM；本记录只做人工来源复核入口。,人工优先核验非 manual_note 来源；context_2026 只作范围提示，不能单独作为批准依据。,scripts/build_human_review_workbook.py
review_workbook_anomaly_moas,73,02_ready_with_manual_note,4,anomaly_moas,AnomalyType,MOAS,approved,ready_with_manual_note,unreviewed,rfc6811|context_2026,../context.md|raw/standards/rfc6811.txt,parsed/standards/rfc6811.json,cleaned/standards/rfc6811.md,context_2026_paper_bear_001|context_2026_route_leak_001|context_2026_scope_001|context_2026_datasource_001|context_2026_as_path_001|rfc6811_s001_1_001|rfc6811_s001_1_002|rfc6811_s003_2_001|rfc6811_s010_8_1_001|rfc6811_s001_1_003|rfc6811_s003_2_002|rfc6811_s005_3_001,packet_anomaly_moas,action_entity_review_anomaly_moas,False,不需要 LLM；本记录只做人工来源复核入口。,人工优先核验非 manual_note 来源；context_2026 只作范围提示，不能单独作为批准依据。,scripts/build_human_review_workbook.py
review_workbook_concept_moas,74,02_ready_with_manual_note,4,concept_moas,BGPConcept,MOAS,approved,ready_with_manual_note,unreviewed,rfc6811|context_2026,../context.md|raw/standards/rfc6811.txt,parsed/standards/rfc6811.json,cleaned/standards/rfc6811.md,context_2026_paper_bear_001|context_2026_as_path_001|context_2026_datasource_001|context_2026_route_leak_001|context_2026_scope_001|rfc6811_s001_1_001|rfc6811_s001_1_002|rfc6811_s001_1_003|rfc6811_s002_1_1_001|rfc6811_s003_2_001|rfc6811_s003_2_002|rfc6811_s003_2_003,packet_concept_moas,action_entity_review_concept_moas,False,不需要 LLM；本记录只做人工来源复核入口。,人工优先核验非 manual_note 来源；context_2026 只作范围提示，不能单独作为批准依据。,scripts/build_human_review_workbook.py
review_workbook_concept_mrt,75,02_ready_with_manual_note,4,concept_mrt,BGPConcept,MRT,approved,ready_with_manual_note,unreviewed,ripe_ris_docs|bgpstream_docs|context_2026,../context.md|raw/data_docs/ripe_ris_docs.html|raw/tools_docs/bgpstream_docs.html,parsed/data_docs/bgpstream_docs.json|parsed/data_docs/ripe_ris_docs.json,cleaned/data_docs/bgpstream_docs.md|cleaned/data_docs/ripe_ris_docs.md,bgpstream_docs_s001_full_001|context_2026_paper_bear_001|context_2026_as_path_001|context_2026_datasource_001|context_2026_route_leak_001|context_2026_scope_001|ripe_ris_docs_s001_full_001,packet_concept_mrt,action_entity_review_concept_mrt,False,不需要 LLM；本记录只做人工来源复核入口。,人工优先核验非 manual_note 来源；context_2026 只作范围提示，不能单独作为批准依据。,scripts/build_human_review_workbook.py
review_workbook_concept_origin_as,76,02_ready_with_manual_note,4,concept_origin_as,BGPConcept,Origin AS,approved,ready_with_manual_note,unreviewed,rfc4271|rfc6811|context_2026,../context.md|raw/standards/rfc4271.txt|raw/standards/rfc6811.txt,parsed/standards/rfc4271.json|parsed/standards/rfc6811.json,cleaned/standards/rfc4271.md|cleaned/standards/rfc6811.md,context_2026_as_path_001|context_2026_paper_bear_001|context_2026_datasource_001|context_2026_route_leak_001|context_2026_scope_001|rfc4271_s005_1_001|rfc4271_s009_3_002|rfc4271_s011_3_2_001|rfc4271_s045_8_001|rfc4271_s060_9_1_001|rfc4271_s076_10_003|rfc4271_s004_10_001,packet_concept_origin_as,action_entity_review_concept_origin_as,False,不需要 LLM；本记录只做人工来源复核入口。,人工优先核验非 manual_note 来源；context_2026 只作范围提示，不能单独作为批准依据。,scripts/build_human_review_workbook.py
review_workbook_anomaly_origin_change,77,02_ready_with_manual_note,4,anomaly_origin_change,AnomalyType,Origin Change,approved,ready_with_manual_note,unreviewed,rfc6811|bgpshield_2025|context_2026,../context.md|raw/papers/bgpshield_2025.pdf|raw/standards/rfc6811.txt,parsed/papers/bgpshield_2025.json|parsed/standards/rfc6811.json,cleaned/papers/bgpshield_2025.md|cleaned/standards/rfc6811.md,bgpshield_2025_s010_page_10_002|bgpshield_2025_s004_page_4_002|bgpshield_2025_s010_page_10_001|bgpshield_2025_s004_page_4_003|bgpshield_2025_s007_page_7_001|bgpshield_2025_s008_page_8_001|bgpshield_2025_s009_page_9_003|bgpshield_2025_s001_page_1_003|bgpshield_2025_s003_page_3_004|bgpshield_2025_s009_page_9_002|bgpshield_2025_s012_page_12_003|bgpshield_2025_s013_page_13_002,packet_anomaly_origin_change,action_entity_review_anomaly_origin_change,False,不需要 LLM；本记录只做人工来源复核入口。,人工优先核验非 manual_note 来源；context_2026 只作范围提示，不能单独作为批准依据。,scripts/build_human_review_workbook.py
review_workbook_field_origin_as,78,02_ready_with_manual_note,4,field_origin_as,DataField,origin_as,approved,ready_with_manual_note,unreviewed,rfc4271|rfc6811|context_2026,../context.md|raw/standards/rfc4271.txt|raw/standards/rfc6811.txt,parsed/standards/rfc4271.json|parsed/standards/rfc6811.json,cleaned/standards/rfc4271.md|cleaned/standards/rfc6811.md,context_2026_as_path_001|context_2026_datasource_001|context_2026_paper_bear_001|context_2026_route_leak_001|context_2026_scope_001|rfc4271_s006_1_1_002|rfc4271_s010_3_1_001|rfc4271_s012_4_001|rfc4271_s013_4_1_001|rfc4271_s014_4_2_001|rfc4271_s014_4_2_002|rfc4271_s015_4_3_001,packet_field_origin_as,action_entity_review_field_origin_as,False,不需要 LLM；本记录只做人工来源复核入口。,人工优先核验非 manual_note 来源；context_2026 只作范围提示，不能单独作为批准依据。,scripts/build_human_review_workbook.py
review_workbook_case_pakistan_youtube_2008,79,02_ready_with_manual_note,4,case_pakistan_youtube_2008,Case,Pakistan Telecom / YouTube Hijack,pending,ready_with_manual_note,unreviewed,youtube_hijack_google_2008|context_2026,../context.md|raw/cases/youtube_hijack_google_2008.html,parsed/cases/youtube_hijack_google_2008.json,cleaned/cases/youtube_hijack_google_2008.md,context_2026_route_leak_001|context_2026_datasource_001|context_2026_scope_001|context_2026_as_path_001|context_2026_paper_bear_001|youtube_hijack_google_2008_s001_full_003|youtube_hijack_google_2008_s001_full_001|youtube_hijack_google_2008_s001_full_002,packet_case_pakistan_youtube_2008,action_entity_review_case_pakistan_youtube_2008,False,不需要 LLM；本记录只做人工来源复核入口。,人工优先核验非 manual_note 来源；context_2026 只作范围提示，不能单独作为批准依据。,scripts/build_human_review_workbook.py
review_workbook_anomaly_path_hijack,80,02_ready_with_manual_note,4,anomaly_path_hijack,AnomalyType,Path Hijack,approved,ready_with_manual_note,unreviewed,rfc4271|bgpshield_2025|context_2026,../context.md|raw/papers/bgpshield_2025.pdf|raw/standards/rfc4271.txt,parsed/papers/bgpshield_2025.json|parsed/standards/rfc4271.json,cleaned/papers/bgpshield_2025.md|cleaned/standards/rfc4271.md,bgpshield_2025_s010_page_10_002|bgpshield_2025_s002_page_2_001|bgpshield_2025_s007_page_7_002|bgpshield_2025_s001_page_1_003|bgpshield_2025_s003_page_3_002|bgpshield_2025_s004_page_4_002|bgpshield_2025_s004_page_4_003|bgpshield_2025_s012_page_12_003|bgpshield_2025_s005_page_5_001|bgpshield_2025_s008_page_8_001|bgpshield_2025_s001_page_1_001|bgpshield_2025_s004_page_4_001,packet_anomaly_path_hijack,action_entity_review_anomaly_path_hijack,False,不需要 LLM；本记录只做人工来源复核入口。,人工优先核验非 manual_note 来源；context_2026 只作范围提示，不能单独作为批准依据。,scripts/build_human_review_workbook.py
review_workbook_anomaly_path_manipulation,81,02_ready_with_manual_note,4,anomaly_path_manipulation,AnomalyType,Path Manipulation,approved,ready_with_manual_note,unreviewed,rfc4271|bgpshield_2025|context_2026,../context.md|raw/papers/bgpshield_2025.pdf|raw/standards/rfc4271.txt,parsed/papers/bgpshield_2025.json|parsed/standards/rfc4271.json,cleaned/papers/bgpshield_2025.md|cleaned/standards/rfc4271.md,bgpshield_2025_s004_page_4_002|bgpshield_2025_s010_page_10_002|bgpshield_2025_s010_page_10_001|bgpshield_2025_s011_page_11_002|bgpshield_2025_s002_page_2_001|bgpshield_2025_s005_page_5_001|bgpshield_2025_s004_page_4_003|bgpshield_2025_s008_page_8_001|bgpshield_2025_s003_page_3_002|bgpshield_2025_s007_page_7_002|bgpshield_2025_s008_page_8_002|bgpshield_2025_s008_page_8_003,packet_anomaly_path_manipulation,action_entity_review_anomaly_path_manipulation,False,不需要 LLM；本记录只做人工来源复核入口。,人工优先核验非 manual_note 来源；context_2026 只作范围提示，不能单独作为批准依据。,scripts/build_human_review_workbook.py
review_workbook_mechanism_path_vector,82,02_ready_with_manual_note,4,mechanism_path_vector,RoutingMechanism,Path-vector routing,approved,ready_with_manual_note,unreviewed,rfc4271|context_2026,../context.md|raw/standards/rfc4271.txt,parsed/standards/rfc4271.json,cleaned/standards/rfc4271.md,context_2026_as_path_001|context_2026_route_leak_001|context_2026_datasource_001|context_2026_paper_bear_001|context_2026_scope_001|rfc4271_s005_1_001|rfc4271_s009_3_002|rfc4271_s026_4_002|rfc4271_s009_3_003|rfc4271_s010_3_1_001|rfc4271_s022_4_4_001|rfc4271_s031_5_1_4_001,packet_mechanism_path_vector,action_entity_review_mechanism_path_vector,False,不需要 LLM；本记录只做人工来源复核入口。,人工优先核验非 manual_note 来源；context_2026 只作范围提示，不能单独作为批准依据。,scripts/build_human_review_workbook.py
review_workbook_concept_peer,83,02_ready_with_manual_note,4,concept_peer,BGPConcept,Peer,approved,ready_with_manual_note,unreviewed,routeviews_api_doc|ripe_ris_docs|context_2026,../context.md|raw/data_docs/ripe_ris_docs.html|raw/data_docs/routeviews_api_doc.html,parsed/data_docs/ripe_ris_docs.json|parsed/data_docs/routeviews_api_doc.json,cleaned/data_docs/ripe_ris_docs.md|cleaned/data_docs/routeviews_api_doc.md,context_2026_datasource_001|context_2026_paper_bear_001|context_2026_as_path_001|context_2026_route_leak_001|context_2026_scope_001|ripe_ris_docs_s001_full_001|routeviews_api_doc_s001_full_011|routeviews_api_doc_s001_full_001|routeviews_api_doc_s001_full_003|routeviews_api_doc_s001_full_007|routeviews_api_doc_s001_full_008|routeviews_api_doc_s001_full_009,packet_concept_peer,action_entity_review_concept_peer,False,不需要 LLM；本记录只做人工来源复核入口。,人工优先核验非 manual_note 来源；context_2026 只作范围提示，不能单独作为批准依据。,scripts/build_human_review_workbook.py
review_workbook_field_peer_asn,84,02_ready_with_manual_note,4,field_peer_asn,DataField,peer_asn,approved,ready_with_manual_note,unreviewed,routeviews_api_doc|ripe_ris_docs|context_2026,../context.md|raw/data_docs/ripe_ris_docs.html|raw/data_docs/routeviews_api_doc.html,parsed/data_docs/ripe_ris_docs.json|parsed/data_docs/routeviews_api_doc.json,cleaned/data_docs/ripe_ris_docs.md|cleaned/data_docs/routeviews_api_doc.md,context_2026_datasource_001|context_2026_as_path_001|context_2026_paper_bear_001|context_2026_route_leak_001|context_2026_scope_001|ripe_ris_docs_s001_full_001|routeviews_api_doc_s001_full_007|routeviews_api_doc_s001_full_008|routeviews_api_doc_s001_full_010|routeviews_api_doc_s001_full_011|routeviews_api_doc_s001_full_016|routeviews_api_doc_s001_full_017,packet_field_peer_asn,action_entity_review_field_peer_asn,False,不需要 LLM；本记录只做人工来源复核入口。,人工优先核验非 manual_note 来源；context_2026 只作范围提示，不能单独作为批准依据。,scripts/build_human_review_workbook.py
review_workbook_concept_prefix,85,02_ready_with_manual_note,4,concept_prefix,BGPConcept,Prefix,approved,ready_with_manual_note,unreviewed,rfc4271|context_2026,../context.md|raw/standards/rfc4271.txt,parsed/standards/rfc4271.json,cleaned/standards/rfc4271.md,context_2026_paper_bear_001|context_2026_as_path_001|context_2026_datasource_001|context_2026_route_leak_001|context_2026_scope_001|rfc4271_s005_1_001|rfc4271_s009_3_002|rfc4271_s076_10_003|rfc4271_s010_3_1_001|rfc4271_s011_3_2_001|rfc4271_s021_2_003|rfc4271_s045_8_001,packet_concept_prefix,action_entity_review_concept_prefix,False,不需要 LLM；本记录只做人工来源复核入口。,人工优先核验非 manual_note 来源；context_2026 只作范围提示，不能单独作为批准依据。,scripts/build_human_review_workbook.py
review_workbook_field_prefix,86,02_ready_with_manual_note,4,field_prefix,DataField,prefix,approved,ready_with_manual_note,unreviewed,rfc4271|rfc6811|context_2026,../context.md|raw/standards/rfc4271.txt|raw/standards/rfc6811.txt,parsed/standards/rfc4271.json|parsed/standards/rfc6811.json,cleaned/standards/rfc4271.md|cleaned/standards/rfc6811.md,context_2026_datasource_001|context_2026_as_path_001|context_2026_paper_bear_001|context_2026_route_leak_001|context_2026_scope_001|rfc4271_s006_1_1_002|rfc4271_s010_3_1_001|rfc4271_s012_4_001|rfc4271_s013_4_1_001|rfc4271_s014_4_2_001|rfc4271_s014_4_2_002|rfc4271_s015_4_3_001,packet_field_prefix,action_entity_review_field_prefix,False,不需要 LLM；本记录只做人工来源复核入口。,人工优先核验非 manual_note 来源；context_2026 只作范围提示，不能单独作为批准依据。,scripts/build_human_review_workbook.py
review_workbook_anomaly_prefix_hijack,87,02_ready_with_manual_note,4,anomaly_prefix_hijack,AnomalyType,Prefix Hijack,approved,ready_with_manual_note,unreviewed,rfc4271|rfc6811|bear_2025|context_2026,../context.md|raw/papers/bear_2025.pdf|raw/standards/rfc4271.txt|raw/standards/rfc6811.txt,parsed/papers/bear_2025.json|parsed/standards/rfc4271.json|parsed/standards/rfc6811.json,cleaned/papers/bear_2025.md|cleaned/standards/rfc4271.md|cleaned/standards/rfc6811.md,bear_2025_s006_page_6_002|bear_2025_s007_page_7_001|bear_2025_s004_page_4_003|bear_2025_s002_page_2_002|bear_2025_s002_page_2_003|bear_2025_s004_page_4_002|bear_2025_s010_page_10_004|bear_2025_s007_page_7_002|bear_2025_s001_page_1_003|bear_2025_s002_page_2_001|bear_2025_s007_page_7_003|bear_2025_s001_page_1_001,packet_anomaly_prefix_hijack,action_entity_review_anomaly_prefix_hijack,False,不需要 LLM；本记录只做人工来源复核入口。,人工优先核验非 manual_note 来源；context_2026 只作范围提示，不能单独作为批准依据。,scripts/build_human_review_workbook.py
review_workbook_anomaly_prefix_outage,88,02_ready_with_manual_note,4,anomaly_prefix_outage,AnomalyType,Prefix Outage,approved,ready_with_manual_note,unreviewed,rfc4271|context_2026,../context.md|raw/standards/rfc4271.txt,parsed/standards/rfc4271.json,cleaned/standards/rfc4271.md,context_2026_paper_bear_001|context_2026_datasource_001|context_2026_route_leak_001|context_2026_as_path_001|context_2026_scope_001|rfc4271_s006_1_1_001|rfc4271_s058_8_2_2_004|rfc4271_s058_8_2_2_007|rfc4271_s058_8_2_2_011|rfc4271_s048_8_1_2_001|rfc4271_s058_8_2_2_010|rfc4271_s058_8_2_2_014,packet_anomaly_prefix_outage,action_entity_review_anomaly_prefix_outage,False,不需要 LLM；本记录只做人工来源复核入口。,人工优先核验非 manual_note 来源；context_2026 只作范围提示，不能单独作为批准依据。,scripts/build_human_review_workbook.py
review_workbook_concept_rib,89,02_ready_with_manual_note,4,concept_rib,BGPConcept,RIB,approved,ready_with_manual_note,unreviewed,rfc4271|routeviews_api_doc|bgpstream_docs|context_2026,../context.md|raw/data_docs/routeviews_api_doc.html|raw/standards/rfc4271.txt|raw/tools_docs/bgpstream_docs.html,parsed/data_docs/bgpstream_docs.json|parsed/data_docs/routeviews_api_doc.json|parsed/standards/rfc4271.json,cleaned/data_docs/bgpstream_docs.md|cleaned/data_docs/routeviews_api_doc.md|cleaned/standards/rfc4271.md,bgpstream_docs_s001_full_001|context_2026_paper_bear_001|context_2026_datasource_001|context_2026_as_path_001|context_2026_route_leak_001|context_2026_scope_001|rfc4271_s011_3_2_001|rfc4271_s006_1_1_002|rfc4271_s010_3_1_001|rfc4271_s060_9_1_001|rfc4271_s005_1_001|rfc4271_s009_3_001,packet_concept_rib,action_entity_review_concept_rib,False,不需要 LLM；本记录只做人工来源复核入口。,人工优先核验非 manual_note 来源；context_2026 只作范围提示，不能单独作为批准依据。,scripts/build_human_review_workbook.py
review_workbook_concept_ripe_ris,90,02_ready_with_manual_note,4,concept_ripe_ris,BGPConcept,RIPE RIS,approved,ready_with_manual_note,unreviewed,ripe_ris_docs|context_2026,../context.md|raw/data_docs/ripe_ris_docs.html,parsed/data_docs/ripe_ris_docs.json,cleaned/data_docs/ripe_ris_docs.md,context_2026_paper_bear_001|context_2026_as_path_001|context_2026_datasource_001|context_2026_route_leak_001|context_2026_scope_001|ripe_ris_docs_s001_full_001,packet_concept_ripe_ris,action_entity_review_concept_ripe_ris,False,不需要 LLM；本记录只做人工来源复核入口。,人工优先核验非 manual_note 来源；context_2026 只作范围提示，不能单独作为批准依据。,scripts/build_human_review_workbook.py
review_workbook_datasource_ripe_ris,91,02_ready_with_manual_note,4,datasource_ripe_ris,DataSource,RIPE RIS,approved,ready_with_manual_note,unreviewed,ripe_ris_docs|context_2026,../context.md|raw/data_docs/ripe_ris_docs.html,parsed/data_docs/ripe_ris_docs.json,cleaned/data_docs/ripe_ris_docs.md,context_2026_datasource_001|context_2026_paper_bear_001|context_2026_as_path_001|context_2026_route_leak_001|context_2026_scope_001|ripe_ris_docs_s001_full_001,packet_datasource_ripe_ris,action_entity_review_datasource_ripe_ris,False,不需要 LLM；本记录只做人工来源复核入口。,人工优先核验非 manual_note 来源；context_2026 只作范围提示，不能单独作为批准依据。,scripts/build_human_review_workbook.py
review_workbook_concept_roa,92,02_ready_with_manual_note,4,concept_roa,BGPConcept,ROA,approved,ready_with_manual_note,unreviewed,rfc6811|context_2026,../context.md|raw/standards/rfc6811.txt,parsed/standards/rfc6811.json,cleaned/standards/rfc6811.md,context_2026_paper_bear_001|context_2026_as_path_001|context_2026_datasource_001|context_2026_route_leak_001|context_2026_scope_001|rfc6811_s001_1_002|rfc6811_s010_8_1_001|rfc6811_s001_1_001|rfc6811_s003_2_001|rfc6811_s001_1_003|rfc6811_s002_1_1_001|rfc6811_s003_2_002,packet_concept_roa,action_entity_review_concept_roa,False,不需要 LLM；本记录只做人工来源复核入口。,人工优先核验非 manual_note 来源；context_2026 只作范围提示，不能单独作为批准依据。,scripts/build_human_review_workbook.py
review_workbook_field_roa_status,93,02_ready_with_manual_note,4,field_roa_status,DataField,roa_status,approved,ready_with_manual_note,unreviewed,rfc6811|context_2026,../context.md|raw/standards/rfc6811.txt,parsed/standards/rfc6811.json,cleaned/standards/rfc6811.md,context_2026_datasource_001|context_2026_as_path_001|context_2026_paper_bear_001|context_2026_route_leak_001|context_2026_scope_001|rfc6811_s001_1_001|rfc6811_s001_1_002|rfc6811_s003_2_001|rfc6811_s010_8_1_001|rfc6811_s001_1_003|rfc6811_s002_1_1_001|rfc6811_s003_2_002,packet_field_roa_status,action_entity_review_field_roa_status,False,不需要 LLM；本记录只做人工来源复核入口。,人工优先核验非 manual_note 来源；context_2026 只作范围提示，不能单独作为批准依据。,scripts/build_human_review_workbook.py
review_workbook_concept_route_collector,94,02_ready_with_manual_note,4,concept_route_collector,BGPConcept,Route Collector,approved,ready_with_manual_note,unreviewed,routeviews_api_doc|ripe_ris_docs|context_2026,../context.md|raw/data_docs/ripe_ris_docs.html|raw/data_docs/routeviews_api_doc.html,parsed/data_docs/ripe_ris_docs.json|parsed/data_docs/routeviews_api_doc.json,cleaned/data_docs/ripe_ris_docs.md|cleaned/data_docs/routeviews_api_doc.md,context_2026_datasource_001|context_2026_paper_bear_001|context_2026_route_leak_001|context_2026_as_path_001|context_2026_scope_001|ripe_ris_docs_s001_full_001|routeviews_api_doc_s001_full_001|routeviews_api_doc_s001_full_002|routeviews_api_doc_s001_full_003|routeviews_api_doc_s001_full_004|routeviews_api_doc_s001_full_005|routeviews_api_doc_s001_full_007,packet_concept_route_collector,action_entity_review_concept_route_collector,False,不需要 LLM；本记录只做人工来源复核入口。,人工优先核验非 manual_note 来源；context_2026 只作范围提示，不能单独作为批准依据。,scripts/build_human_review_workbook.py
review_workbook_anomaly_route_leak,95,02_ready_with_manual_note,4,anomaly_route_leak,AnomalyType,Route Leak,approved,ready_with_manual_note,unreviewed,rfc7908|rfc9234|beam_2024|context_2026,../context.md|raw/papers/beam_2024.pdf|raw/standards/rfc7908.txt|raw/standards/rfc9234.txt,parsed/papers/beam_2024.json|parsed/standards/rfc7908.json|parsed/standards/rfc9234.json,cleaned/papers/beam_2024.md|cleaned/standards/rfc7908.md|cleaned/standards/rfc9234.md,beam_2024_s009_page_9_003|beam_2024_s013_page_13_001|beam_2024_s002_page_2_003|beam_2024_s003_page_3_003|beam_2024_s011_page_11_003|beam_2024_s009_page_9_001|beam_2024_s014_page_14_002|beam_2024_s015_page_15_001|beam_2024_s004_page_4_002|beam_2024_s009_page_9_002|beam_2024_s010_page_10_003|beam_2024_s003_page_3_001,packet_anomaly_route_leak,action_entity_review_anomaly_route_leak,False,不需要 LLM；本记录只做人工来源复核入口。,人工优先核验非 manual_note 来源；context_2026 只作范围提示，不能单独作为批准依据。,scripts/build_human_review_workbook.py
review_workbook_mechanism_route_origin_validation,96,02_ready_with_manual_note,4,mechanism_route_origin_validation,RoutingMechanism,Route Origin Validation,approved,ready_with_manual_note,unreviewed,rfc6811|context_2026,../context.md|raw/standards/rfc6811.txt,parsed/standards/rfc6811.json,cleaned/standards/rfc6811.md,context_2026_as_path_001|context_2026_datasource_001|context_2026_paper_bear_001|context_2026_route_leak_001|context_2026_scope_001|rfc6811_s001_1_001|rfc6811_s001_1_002|rfc6811_s006_4_001|rfc6811_s008_6_001|rfc6811_s003_2_001|rfc6811_s001_1_003|rfc6811_s003_2_002,packet_mechanism_route_origin_validation,action_entity_review_mechanism_route_origin_validation,False,不需要 LLM；本记录只做人工来源复核入口。,人工优先核验非 manual_note 来源；context_2026 只作范围提示，不能单独作为批准依据。,scripts/build_human_review_workbook.py
review_workbook_concept_routeviews,97,02_ready_with_manual_note,4,concept_routeviews,BGPConcept,RouteViews,approved,ready_with_manual_note,unreviewed,routeviews_api_doc|context_2026,../context.md|raw/data_docs/routeviews_api_doc.html,parsed/data_docs/routeviews_api_doc.json,cleaned/data_docs/routeviews_api_doc.md,context_2026_paper_bear_001|context_2026_as_path_001|context_2026_datasource_001|context_2026_route_leak_001|context_2026_scope_001|routeviews_api_doc_s001_full_018|routeviews_api_doc_s001_full_003|routeviews_api_doc_s001_full_001|routeviews_api_doc_s001_full_002|routeviews_api_doc_s001_full_004|routeviews_api_doc_s001_full_005|routeviews_api_doc_s001_full_006,packet_concept_routeviews,action_entity_review_concept_routeviews,False,不需要 LLM；本记录只做人工来源复核入口。,人工优先核验非 manual_note 来源；context_2026 只作范围提示，不能单独作为批准依据。,scripts/build_human_review_workbook.py
review_workbook_datasource_routeviews,98,02_ready_with_manual_note,4,datasource_routeviews,DataSource,RouteViews,approved,ready_with_manual_note,unreviewed,routeviews_api_doc|context_2026,../context.md|raw/data_docs/routeviews_api_doc.html,parsed/data_docs/routeviews_api_doc.json,cleaned/data_docs/routeviews_api_doc.md,context_2026_datasource_001|context_2026_paper_bear_001|context_2026_as_path_001|context_2026_route_leak_001|context_2026_scope_001|routeviews_api_doc_s001_full_001|routeviews_api_doc_s001_full_002|routeviews_api_doc_s001_full_003|routeviews_api_doc_s001_full_004|routeviews_api_doc_s001_full_005|routeviews_api_doc_s001_full_006|routeviews_api_doc_s001_full_007,packet_datasource_routeviews,action_entity_review_datasource_routeviews,False,不需要 LLM；本记录只做人工来源复核入口。,人工优先核验非 manual_note 来源；context_2026 只作范围提示，不能单独作为批准依据。,scripts/build_human_review_workbook.py
review_workbook_concept_rov,99,02_ready_with_manual_note,4,concept_rov,BGPConcept,ROV,approved,ready_with_manual_note,unreviewed,rfc6811|context_2026,../context.md|raw/standards/rfc6811.txt,parsed/standards/rfc6811.json,cleaned/standards/rfc6811.md,context_2026_paper_bear_001|context_2026_as_path_001|context_2026_datasource_001|context_2026_route_leak_001|context_2026_scope_001|rfc6811_s001_1_003|rfc6811_s003_2_002|rfc6811_s005_3_001|rfc6811_s008_6_001|rfc6811_s001_1_001|rfc6811_s001_1_002|rfc6811_s003_2_001,packet_concept_rov,action_entity_review_concept_rov,False,不需要 LLM；本记录只做人工来源复核入口。,人工优先核验非 manual_note 来源；context_2026 只作范围提示，不能单独作为批准依据。,scripts/build_human_review_workbook.py
review_workbook_concept_rpki,100,02_ready_with_manual_note,4,concept_rpki,BGPConcept,RPKI,approved,ready_with_manual_note,unreviewed,rfc6811|context_2026,../context.md|raw/standards/rfc6811.txt,parsed/standards/rfc6811.json,cleaned/standards/rfc6811.md,context_2026_paper_bear_001|context_2026_as_path_001|context_2026_datasource_001|context_2026_route_leak_001|context_2026_scope_001|rfc6811_s001_1_001|rfc6811_s001_1_002|rfc6811_s011_8_2_001|rfc6811_s001_1_003|rfc6811_s002_1_1_001|rfc6811_s006_4_001|rfc6811_s008_6_001,packet_concept_rpki,action_entity_review_concept_rpki,False,不需要 LLM；本记录只做人工来源复核入口。,人工优先核验非 manual_note 来源；context_2026 只作范围提示，不能单独作为批准依据。,scripts/build_human_review_workbook.py
review_workbook_datasource_rpki_roa,101,02_ready_with_manual_note,4,datasource_rpki_roa,DataSource,RPKI / ROA,approved,ready_with_manual_note,unreviewed,rfc6811|routeviews_api_doc|context_2026,../context.md|raw/data_docs/routeviews_api_doc.html|raw/standards/rfc6811.txt,parsed/data_docs/routeviews_api_doc.json|parsed/standards/rfc6811.json,cleaned/data_docs/routeviews_api_doc.md|cleaned/standards/rfc6811.md,context_2026_datasource_001|context_2026_paper_bear_001|context_2026_as_path_001|context_2026_route_leak_001|context_2026_scope_001|rfc6811_s001_1_001|rfc6811_s001_1_002|rfc6811_s001_1_003|rfc6811_s003_2_001|rfc6811_s006_4_001|rfc6811_s008_6_001|rfc6811_s010_8_1_001,packet_datasource_rpki_roa,action_entity_review_datasource_rpki_roa,False,不需要 LLM；本记录只做人工来源复核入口。,人工优先核验非 manual_note 来源；context_2026 只作范围提示，不能单独作为批准依据。,scripts/build_human_review_workbook.py
review_workbook_fp_short_route_flap,102,02_ready_with_manual_note,4,fp_short_route_flap,FalsePositivePattern,Short route flap,approved,ready_with_manual_note,unreviewed,rfc4271|context_2026,../context.md|raw/standards/rfc4271.txt,parsed/standards/rfc4271.json,cleaned/standards/rfc4271.md,context_2026_route_leak_001|context_2026_as_path_001|context_2026_datasource_001|context_2026_paper_bear_001|context_2026_scope_001|rfc4271_s004_10_001|rfc4271_s030_5_1_3_003|rfc4271_s046_10_001|rfc4271_s058_8_2_2_001|rfc4271_s066_9_1_4_001|rfc4271_s069_9_2_1_1_001|rfc4271_s081_6_003,packet_fp_short_route_flap,action_entity_review_fp_short_route_flap,False,不需要 LLM；本记录只做人工来源复核入口。,人工优先核验非 manual_note 来源；context_2026 只作范围提示，不能单独作为批准依据。,scripts/build_human_review_workbook.py
review_workbook_fp_single_collector_bias,103,02_ready_with_manual_note,4,fp_single_collector_bias,FalsePositivePattern,Single collector bias,approved,ready_with_manual_note,unreviewed,routeviews_api_doc|ripe_ris_docs|context_2026,../context.md|raw/data_docs/ripe_ris_docs.html|raw/data_docs/routeviews_api_doc.html,parsed/data_docs/ripe_ris_docs.json|parsed/data_docs/routeviews_api_doc.json,cleaned/data_docs/ripe_ris_docs.md|cleaned/data_docs/routeviews_api_doc.md,context_2026_datasource_001|context_2026_route_leak_001|context_2026_as_path_001|context_2026_paper_bear_001|context_2026_scope_001|ripe_ris_docs_s001_full_001|routeviews_api_doc_s001_full_007|routeviews_api_doc_s001_full_001|routeviews_api_doc_s001_full_002|routeviews_api_doc_s001_full_003|routeviews_api_doc_s001_full_004|routeviews_api_doc_s001_full_005,packet_fp_single_collector_bias,action_entity_review_fp_single_collector_bias,False,不需要 LLM；本记录只做人工来源复核入口。,人工优先核验非 manual_note 来源；context_2026 只作范围提示，不能单独作为批准依据。,scripts/build_human_review_workbook.py
review_workbook_anomaly_subprefix_hijack,104,02_ready_with_manual_note,4,anomaly_subprefix_hijack,AnomalyType,Subprefix Hijack,approved,ready_with_manual_note,unreviewed,rfc6811|bear_2025|context_2026,../context.md|raw/papers/bear_2025.pdf|raw/standards/rfc6811.txt,parsed/papers/bear_2025.json|parsed/standards/rfc6811.json,cleaned/papers/bear_2025.md|cleaned/standards/rfc6811.md,bear_2025_s004_page_4_003|bear_2025_s002_page_2_002|bear_2025_s002_page_2_003|bear_2025_s004_page_4_002|bear_2025_s003_page_3_003|bear_2025_s006_page_6_001|bear_2025_s006_page_6_002|bear_2025_s007_page_7_002|bear_2025_s001_page_1_001|bear_2025_s002_page_2_001|bear_2025_s007_page_7_001|bear_2025_s008_page_8_002,packet_anomaly_subprefix_hijack,action_entity_review_anomaly_subprefix_hijack,False,不需要 LLM；本记录只做人工来源复核入口。,人工优先核验非 manual_note 来源；context_2026 只作范围提示，不能单独作为批准依据。,scripts/build_human_review_workbook.py
review_workbook_field_timestamp,105,02_ready_with_manual_note,4,field_timestamp,DataField,timestamp,approved,ready_with_manual_note,unreviewed,bgpstream_docs|context_2026,../context.md|raw/tools_docs/bgpstream_docs.html,parsed/data_docs/bgpstream_docs.json,cleaned/data_docs/bgpstream_docs.md,bgpstream_docs_s001_full_001|context_2026_datasource_001|context_2026_as_path_001|context_2026_paper_bear_001|context_2026_route_leak_001|context_2026_scope_001,packet_field_timestamp,action_entity_review_field_timestamp,False,不需要 LLM；本记录只做人工来源复核入口。,人工优先核验非 manual_note 来源；context_2026 只作范围提示，不能单独作为批准依据。,scripts/build_human_review_workbook.py
review_workbook_field_update_type,106,02_ready_with_manual_note,4,field_update_type,DataField,update_type,approved,ready_with_manual_note,unreviewed,rfc4271|context_2026,../context.md|raw/standards/rfc4271.txt,parsed/standards/rfc4271.json,cleaned/standards/rfc4271.md,context_2026_datasource_001|context_2026_paper_bear_001|context_2026_as_path_001|context_2026_route_leak_001|context_2026_scope_001|rfc4271_s013_4_1_001|rfc4271_s014_4_2_002|rfc4271_s015_4_3_002|rfc4271_s015_4_3_003|rfc4271_s019_2_001|rfc4271_s021_2_001|rfc4271_s023_4_5_001,packet_field_update_type,action_entity_review_field_update_type,False,不需要 LLM；本记录只做人工来源复核入口。,人工优先核验非 manual_note 来源；context_2026 只作范围提示，不能单独作为批准依据。,scripts/build_human_review_workbook.py
review_workbook_concept_valley_free,107,02_ready_with_manual_note,4,concept_valley_free,BGPConcept,Valley-free,approved,ready_with_manual_note,unreviewed,rfc7908|caida_as_relationships|context_2026,../context.md|raw/data_docs/caida_as_relationships.html|raw/standards/rfc7908.txt,parsed/data_docs/caida_as_relationships.json|parsed/standards/rfc7908.json,cleaned/data_docs/caida_as_relationships.md|cleaned/standards/rfc7908.md,caida_as_relationships_s001_full_014|caida_as_relationships_s001_full_007|caida_as_relationships_s001_full_005|caida_as_relationships_s001_full_006|caida_as_relationships_s001_full_012|caida_as_relationships_s001_full_001|caida_as_relationships_s001_full_002|caida_as_relationships_s001_full_003|caida_as_relationships_s001_full_004|caida_as_relationships_s001_full_008|caida_as_relationships_s001_full_009|caida_as_relationships_s001_full_010,packet_concept_valley_free,action_entity_review_concept_valley_free,False,不需要 LLM；本记录只做人工来源复核入口。,人工优先核验非 manual_note 来源；context_2026 只作范围提示，不能单独作为批准依据。,scripts/build_human_review_workbook.py
review_workbook_mechanism_valley_free,108,02_ready_with_manual_note,4,mechanism_valley_free,RoutingMechanism,Valley-free Routing,approved,ready_with_manual_note,unreviewed,rfc7908|caida_as_relationships|beam_2024|context_2026,../context.md|raw/data_docs/caida_as_relationships.html|raw/papers/beam_2024.pdf|raw/standards/rfc7908.txt,parsed/data_docs/caida_as_relationships.json|parsed/papers/beam_2024.json|parsed/standards/rfc7908.json,cleaned/data_docs/caida_as_relationships.md|cleaned/papers/beam_2024.md|cleaned/standards/rfc7908.md,beam_2024_s004_page_4_002|beam_2024_s011_page_11_003|beam_2024_s013_page_13_004|beam_2024_s004_page_4_001|beam_2024_s003_page_3_002|beam_2024_s012_page_12_003|beam_2024_s002_page_2_002|beam_2024_s013_page_13_001|beam_2024_s003_page_3_001|beam_2024_s004_page_4_003|beam_2024_s005_page_5_001|beam_2024_s005_page_5_002,packet_mechanism_valley_free,action_entity_review_mechanism_valley_free,False,不需要 LLM；本记录只做人工来源复核入口。,人工优先核验非 manual_note 来源；context_2026 只作范围提示，不能单独作为批准依据。,scripts/build_human_review_workbook.py
review_workbook_concept_vantage_point,109,02_ready_with_manual_note,4,concept_vantage_point,BGPConcept,Vantage Point,approved,ready_with_manual_note,unreviewed,ripe_ris_docs|context_2026,../context.md|raw/data_docs/ripe_ris_docs.html,parsed/data_docs/ripe_ris_docs.json,cleaned/data_docs/ripe_ris_docs.md,context_2026_paper_bear_001|context_2026_as_path_001|context_2026_datasource_001|context_2026_route_leak_001|context_2026_scope_001|ripe_ris_docs_s001_full_001,packet_concept_vantage_point,action_entity_review_concept_vantage_point,False,不需要 LLM；本记录只做人工来源复核入口。,人工优先核验非 manual_note 来源；context_2026 只作范围提示，不能单独作为批准依据。,scripts/build_human_review_workbook.py
review_workbook_case_vodafone_2021_route_leak,110,02_ready_with_manual_note,4,case_vodafone_2021_route_leak,Case,Vodafone Idea AS55410 Route Leak,approved,ready_with_manual_note,unreviewed,bgpshield_2025|context_2026,../context.md|raw/papers/bgpshield_2025.pdf,parsed/papers/bgpshield_2025.json,cleaned/papers/bgpshield_2025.md,bgpshield_2025_s012_page_12_002|bgpshield_2025_s012_page_12_003|bgpshield_2025_s015_page_15_003|bgpshield_2025_s013_page_13_001|bgpshield_2025_s011_page_11_002|bgpshield_2025_s004_page_4_003|bgpshield_2025_s007_page_7_002|bgpshield_2025_s014_page_14_001|bgpshield_2025_s001_page_1_002|bgpshield_2025_s003_page_3_004|bgpshield_2025_s011_page_11_004|bgpshield_2025_s014_page_14_002,packet_case_vodafone_2021_route_leak,action_entity_review_case_vodafone_2021_route_leak,False,不需要 LLM；本记录只做人工来源复核入口。,人工优先核验非 manual_note 来源；context_2026 只作范围提示，不能单独作为批准依据。,scripts/build_human_review_workbook.py
review_workbook_concept_whois_rdap,111,02_ready_with_manual_note,4,concept_whois_rdap,BGPConcept,WHOIS / RDAP,approved,ready_with_manual_note,unreviewed,rfc3912|rfc9082|rfc9083|context_2026,../context.md|raw/standards/rfc3912.txt|raw/standards/rfc9082.txt|raw/standards/rfc9083.txt,parsed/standards/rfc3912.json|parsed/standards/rfc9082.json|parsed/standards/rfc9083.json,cleaned/standards/rfc3912.md|cleaned/standards/rfc9082.md|cleaned/standards/rfc9083.md,context_2026_paper_bear_001|context_2026_as_path_001|context_2026_datasource_001|context_2026_route_leak_001|context_2026_scope_001|rfc3912_s001_1_001|rfc3912_s002_2_001|rfc3912_s003_3_001|rfc3912_s004_4_001|rfc3912_s005_5_001|rfc3912_s008_21355_001|rfc3912_s008_21355_002,packet_concept_whois_rdap,action_entity_review_concept_whois_rdap,False,不需要 LLM；本记录只做人工来源复核入口。,人工优先核验非 manual_note 来源；context_2026 只作范围提示，不能单独作为批准依据。,scripts/build_human_review_workbook.py
review_workbook_concept_withdrawal,112,02_ready_with_manual_note,4,concept_withdrawal,BGPConcept,Withdrawal,approved,ready_with_manual_note,unreviewed,rfc4271|context_2026,../context.md|raw/standards/rfc4271.txt,parsed/standards/rfc4271.json,cleaned/standards/rfc4271.md,context_2026_paper_bear_001|context_2026_as_path_001|context_2026_datasource_001|context_2026_route_leak_001|context_2026_scope_001|rfc4271_s005_1_001|rfc4271_s009_3_002|rfc4271_s011_3_2_001|rfc4271_s045_8_001|rfc4271_s060_9_1_001|rfc4271_s069_9_2_1_1_001|rfc4271_s076_10_003,packet_concept_withdrawal,action_entity_review_concept_withdrawal,False,不需要 LLM；本记录只做人工来源复核入口。,人工优先核验非 manual_note 来源；context_2026 只作范围提示，不能单独作为批准依据。,scripts/build_human_review_workbook.py
