audit_id,workbook_id,entity_id,entity_type,display_name,entity_file,current_review_status,review_decision,target_review_status,application_status,can_apply,blocking_reason,needs_llm,decision_source,decision_reviewer,decision_reviewed_at,decision_note,generated_by
decision_audit_paper_method_bgpshield,review_workbook_paper_method_bgpshield,paper_method_bgpshield,PaperMethod,BGPShield,entities/papers.jsonl,pending,needs_semantic_review,pending,blocked_by_llm,False,该决策需要语义流程或 LLM，按当前规则跳过。,True,review_inputs/human_review_decisions.csv,Claude,2026-06-18T14:00:00Z,BGPShield条目自带requires human paper review before approval声明，AS description构造细节和LLM embedding方法需要对照原论文核实,scripts/build_human_review_decision_audit.py
decision_audit_case_celerbridge_bgp_hijack,review_workbook_case_celerbridge_bgp_hijack,case_celerbridge_bgp_hijack,Case,CelerBridge BGP Hijack,entities/cases.jsonl,pending,needs_source,pending,manual_followup,False,人工标记需要补充来源，实体应保持当前状态。,False,review_inputs/human_review_decisions.csv,Claude,2026-06-18T14:00:00Z,案例日期unknown，involved_ases和affected_prefixes为空，需补充权威来源的具体事件数据,scripts/build_human_review_decision_audit.py
decision_audit_case_facebook_2021_outage,review_workbook_case_facebook_2021_outage,case_facebook_2021_outage,Case,Facebook 2021 Outage,entities/cases.jsonl,pending,needs_source,pending,manual_followup,False,人工标记需要补充来源，实体应保持当前状态。,False,review_inputs/human_review_decisions.csv,Claude,2026-06-18T14:00:00Z,事件日期正确但involved_ases和affected_prefixes为空数组，需补充AS32934和具体prefix数据,scripts/build_human_review_decision_audit.py
decision_audit_case_indosat_route_leak,review_workbook_case_indosat_route_leak,case_indosat_route_leak,Case,Indosat Route Leak,entities/cases.jsonl,pending,needs_source,pending,manual_followup,False,人工标记需要补充来源，实体应保持当前状态。,False,review_inputs/human_review_decisions.csv,Claude,2026-06-18T14:00:00Z,案例日期为unknown，involved_ases和affected_prefixes为空，需要权威事件报告补充具体数据,scripts/build_human_review_decision_audit.py
decision_audit_case_pakistan_youtube_2008,review_workbook_case_pakistan_youtube_2008,case_pakistan_youtube_2008,Case,Pakistan Telecom / YouTube Hijack,entities/cases.jsonl,pending,needs_source,pending,manual_followup,False,人工标记需要补充来源，实体应保持当前状态。,False,review_inputs/human_review_decisions.csv,Claude,2026-06-18T14:00:00Z,案例结构正确但involved_ases和affected_prefixes为空数组，需要补充权威来源的具体AS和prefix数据,scripts/build_human_review_decision_audit.py
decision_audit_anomaly_moas,review_workbook_anomaly_moas,anomaly_moas,AnomalyType,MOAS,entities/anomaly_types.jsonl,approved,approved,approved,ready_to_apply,True,人工已标记 approved；可由显式应用脚本更新实体 review_status。,False,review_inputs/human_review_decisions.csv,Claude,2026-06-18T14:00:00Z,MOAS异常定义准确，区分了良性/异常MOAS,scripts/build_human_review_decision_audit.py
decision_audit_anomaly_origin_change,review_workbook_anomaly_origin_change,anomaly_origin_change,AnomalyType,Origin Change,entities/anomaly_types.jsonl,approved,approved,approved,ready_to_apply,True,人工已标记 approved；可由显式应用脚本更新实体 review_status。,False,review_inputs/human_review_decisions.csv,Claude,2026-06-18T14:00:00Z,Origin Change定义准确，强调需授权检查而非自动标记为攻击,scripts/build_human_review_decision_audit.py
decision_audit_anomaly_path_hijack,review_workbook_anomaly_path_hijack,anomaly_path_hijack,AnomalyType,Path Hijack,entities/anomaly_types.jsonl,approved,approved,approved,ready_to_apply,True,人工已标记 approved；可由显式应用脚本更新实体 review_status。,False,review_inputs/human_review_decisions.csv,Claude,2026-06-18T14:00:00Z,Path Hijack定义准确，origin可能不变但路径语义改变的场景覆盖到位,scripts/build_human_review_decision_audit.py
decision_audit_anomaly_path_manipulation,review_workbook_anomaly_path_manipulation,anomaly_path_manipulation,AnomalyType,Path Manipulation,entities/anomaly_types.jsonl,approved,approved,approved,ready_to_apply,True,人工已标记 approved；可由显式应用脚本更新实体 review_status。,False,review_inputs/human_review_decisions.csv,Claude,2026-06-18T14:00:00Z,Path Manipulation定义准确，false_positive含BGP confederation和route server,scripts/build_human_review_decision_audit.py
decision_audit_anomaly_prefix_hijack,review_workbook_anomaly_prefix_hijack,anomaly_prefix_hijack,AnomalyType,Prefix Hijack,entities/anomaly_types.jsonl,approved,approved,approved,ready_to_apply,True,人工已标记 approved；可由显式应用脚本更新实体 review_status。,False,review_inputs/human_review_decisions.csv,Claude,2026-06-18T14:00:00Z,Prefix Hijack定义准确，required_evidence详尽，false_positive_checks覆盖关键场景,scripts/build_human_review_decision_audit.py
decision_audit_anomaly_prefix_outage,review_workbook_anomaly_prefix_outage,anomaly_prefix_outage,AnomalyType,Prefix Outage,entities/anomaly_types.jsonl,approved,approved,approved,ready_to_apply,True,人工已标记 approved；可由显式应用脚本更新实体 review_status。,False,review_inputs/human_review_decisions.csv,Claude,2026-06-18T14:00:00Z,Prefix Outage定义准确，8项required_evidence非常全面,scripts/build_human_review_decision_audit.py
decision_audit_anomaly_route_leak,review_workbook_anomaly_route_leak,anomaly_route_leak,AnomalyType,Route Leak,entities/anomaly_types.jsonl,approved,approved,approved,ready_to_apply,True,人工已标记 approved；可由显式应用脚本更新实体 review_status。,False,review_inputs/human_review_decisions.csv,Claude,2026-06-18T14:00:00Z,Route Leak定义准确，valley-free violation作为核心信号，与RFC7908/RFC9234一致,scripts/build_human_review_decision_audit.py
decision_audit_anomaly_subprefix_hijack,review_workbook_anomaly_subprefix_hijack,anomaly_subprefix_hijack,AnomalyType,Subprefix Hijack,entities/anomaly_types.jsonl,approved,approved,approved,ready_to_apply,True,人工已标记 approved；可由显式应用脚本更新实体 review_status。,False,review_inputs/human_review_decisions.csv,Claude,2026-06-18T14:00:00Z,Subprefix Hijack定义准确，最长前缀匹配机制说明正确,scripts/build_human_review_decision_audit.py
decision_audit_concept_announcement,review_workbook_concept_announcement,concept_announcement,BGPConcept,Announcement,entities/bgp_concepts.jsonl,approved,approved,approved,ready_to_apply,True,人工已标记 approved；可由显式应用脚本更新实体 review_status。,False,review_inputs/human_review_decisions.csv,Claude,2026-06-18T14:00:00Z,Announcement定义准确，强调announcement不证明origin授权,scripts/build_human_review_decision_audit.py
decision_audit_concept_as,review_workbook_concept_as,concept_as,BGPConcept,AS,entities/bgp_concepts.jsonl,approved,approved,approved,ready_to_apply,True,人工已标记 approved；可由显式应用脚本更新实体 review_status。,False,review_inputs/human_review_decisions.csv,Claude,2026-06-18T14:00:00Z,AS定义准确，与RFC4271一致，source_refs合理,scripts/build_human_review_decision_audit.py
decision_audit_concept_as_relationship,review_workbook_concept_as_relationship,concept_as_relationship,BGPConcept,AS Relationship,entities/bgp_concepts.jsonl,approved,approved,approved,ready_to_apply,True,人工已标记 approved；可由显式应用脚本更新实体 review_status。,False,review_inputs/human_review_decisions.csv,Claude,2026-06-18T14:00:00Z,AS Relationship定义准确，推断关系可能错误的警告很关键,scripts/build_human_review_decision_audit.py
decision_audit_concept_as_path,review_workbook_concept_as_path,concept_as_path,BGPConcept,AS_PATH,entities/bgp_concepts.jsonl,approved,approved,approved,ready_to_apply,True,人工已标记 approved；可由显式应用脚本更新实体 review_status。,False,review_inputs/human_review_decisions.csv,Claude,2026-06-18T14:00:00Z,AS_PATH定义准确，common_misunderstandings强调非traceroute路径，非常重要,scripts/build_human_review_decision_audit.py
decision_audit_concept_asn,review_workbook_concept_asn,concept_asn,BGPConcept,ASN,entities/bgp_concepts.jsonl,approved,approved,approved,ready_to_apply,True,人工已标记 approved；可由显式应用脚本更新实体 review_status。,False,review_inputs/human_review_decisions.csv,Claude,2026-06-18T14:00:00Z,ASN定义准确，与RFC4271一致,scripts/build_human_review_decision_audit.py
decision_audit_concept_bgp,review_workbook_concept_bgp,concept_bgp,BGPConcept,BGP,entities/bgp_concepts.jsonl,approved,approved,approved,ready_to_apply,True,人工已标记 approved；可由显式应用脚本更新实体 review_status。,False,review_inputs/human_review_decisions.csv,Claude,2026-06-18T14:00:00Z,BGP定义准确，与RFC4271一致，source_refs合理,scripts/build_human_review_decision_audit.py
decision_audit_concept_bgp_session,review_workbook_concept_bgp_session,concept_bgp_session,BGPConcept,BGP Session,entities/bgp_concepts.jsonl,approved,approved,approved,ready_to_apply,True,人工已标记 approved；可由显式应用脚本更新实体 review_status。,False,review_inputs/human_review_decisions.csv,Claude,2026-06-18T14:00:00Z,BGP Session定义准确，含collector视角说明,scripts/build_human_review_decision_audit.py
decision_audit_concept_bgp_speaker,review_workbook_concept_bgp_speaker,concept_bgp_speaker,BGPConcept,BGP Speaker,entities/bgp_concepts.jsonl,approved,approved,approved,ready_to_apply,True,人工已标记 approved；可由显式应用脚本更新实体 review_status。,False,review_inputs/human_review_decisions.csv,Claude,2026-06-18T14:00:00Z,BGP Speaker定义准确，与RFC4271一致,scripts/build_human_review_decision_audit.py
decision_audit_concept_bgp_update,review_workbook_concept_bgp_update,concept_bgp_update,BGPConcept,BGP Update,entities/bgp_concepts.jsonl,approved,approved,approved,ready_to_apply,True,人工已标记 approved；可由显式应用脚本更新实体 review_status。,False,review_inputs/human_review_decisions.csv,Claude,2026-06-18T14:00:00Z,BGP Update定义准确，含collector和peer覆盖说明,scripts/build_human_review_decision_audit.py
decision_audit_concept_bgpstream,review_workbook_concept_bgpstream,concept_bgpstream,BGPConcept,BGPStream,entities/bgp_concepts.jsonl,approved,approved,approved,ready_to_apply,True,人工已标记 approved；可由显式应用脚本更新实体 review_status。,False,review_inputs/human_review_decisions.csv,Claude,2026-06-18T14:00:00Z,BGPStream定义准确，正确区分了框架与底层数据源,scripts/build_human_review_decision_audit.py
decision_audit_concept_customer_cone,review_workbook_concept_customer_cone,concept_customer_cone,BGPConcept,Customer Cone,entities/bgp_concepts.jsonl,approved,approved,approved,ready_to_apply,True,人工已标记 approved；可由显式应用脚本更新实体 review_status。,False,review_inputs/human_review_decisions.csv,Claude,2026-06-18T14:00:00Z,Customer Cone定义准确，source_refs合理,scripts/build_human_review_decision_audit.py
decision_audit_concept_ebgp,review_workbook_concept_ebgp,concept_ebgp,BGPConcept,eBGP,entities/bgp_concepts.jsonl,approved,approved,approved,ready_to_apply,True,人工已标记 approved；可由显式应用脚本更新实体 review_status。,False,review_inputs/human_review_decisions.csv,Claude,2026-06-18T14:00:00Z,eBGP定义准确简洁,scripts/build_human_review_decision_audit.py
decision_audit_concept_fib,review_workbook_concept_fib,concept_fib,BGPConcept,FIB,entities/bgp_concepts.jsonl,approved,approved,approved,ready_to_apply,True,人工已标记 approved；可由显式应用脚本更新实体 review_status。,False,review_inputs/human_review_decisions.csv,Claude,2026-06-18T14:00:00Z,FIB定义准确，区分了控制平面RIB与转发平面FIB,scripts/build_human_review_decision_audit.py
decision_audit_concept_ibgp,review_workbook_concept_ibgp,concept_ibgp,BGPConcept,iBGP,entities/bgp_concepts.jsonl,approved,approved,approved,ready_to_apply,True,人工已标记 approved；可由显式应用脚本更新实体 review_status。,False,review_inputs/human_review_decisions.csv,Claude,2026-06-18T14:00:00Z,iBGP定义准确，区分了iBGP与IGP,scripts/build_human_review_decision_audit.py
decision_audit_concept_irr,review_workbook_concept_irr,concept_irr,BGPConcept,IRR,entities/bgp_concepts.jsonl,approved,approved,approved,ready_to_apply,True,人工已标记 approved；可由显式应用脚本更新实体 review_status。,False,review_inputs/human_review_decisions.csv,Claude,2026-06-18T14:00:00Z,IRR定义准确，数据质量差异说明很重要,scripts/build_human_review_decision_audit.py
decision_audit_concept_moas,review_workbook_concept_moas,concept_moas,BGPConcept,MOAS,entities/bgp_concepts.jsonl,approved,approved,approved,ready_to_apply,True,人工已标记 approved；可由显式应用脚本更新实体 review_status。,False,review_inputs/human_review_decisions.csv,Claude,2026-06-18T14:00:00Z,MOAS定义准确，强调MOAS是信号而非自动等于劫持,scripts/build_human_review_decision_audit.py
decision_audit_concept_mrt,review_workbook_concept_mrt,concept_mrt,BGPConcept,MRT,entities/bgp_concepts.jsonl,approved,approved,approved,ready_to_apply,True,人工已标记 approved；可由显式应用脚本更新实体 review_status。,False,review_inputs/human_review_decisions.csv,Claude,2026-06-18T14:00:00Z,MRT定义准确，正确区分了存储格式与数据源,scripts/build_human_review_decision_audit.py
decision_audit_concept_origin_as,review_workbook_concept_origin_as,concept_origin_as,BGPConcept,Origin AS,entities/bgp_concepts.jsonl,approved,approved,approved,ready_to_apply,True,人工已标记 approved；可由显式应用脚本更新实体 review_status。,False,review_inputs/human_review_decisions.csv,Claude,2026-06-18T14:00:00Z,Origin AS定义准确，特别说明了AS_PATH最右侧AS的规则,scripts/build_human_review_decision_audit.py
decision_audit_concept_peer,review_workbook_concept_peer,concept_peer,BGPConcept,Peer,entities/bgp_concepts.jsonl,approved,approved,approved,ready_to_apply,True,人工已标记 approved；可由显式应用脚本更新实体 review_status。,False,review_inputs/human_review_decisions.csv,Claude,2026-06-18T14:00:00Z,Peer定义准确，collector peer作为观测源的说明正确,scripts/build_human_review_decision_audit.py
decision_audit_concept_prefix,review_workbook_concept_prefix,concept_prefix,BGPConcept,Prefix,entities/bgp_concepts.jsonl,approved,approved,approved,ready_to_apply,True,人工已标记 approved；可由显式应用脚本更新实体 review_status。,False,review_inputs/human_review_decisions.csv,Claude,2026-06-18T14:00:00Z,Prefix定义准确，CIDR表示法描述正确,scripts/build_human_review_decision_audit.py
decision_audit_concept_rib,review_workbook_concept_rib,concept_rib,BGPConcept,RIB,entities/bgp_concepts.jsonl,approved,approved,approved,ready_to_apply,True,人工已标记 approved；可由显式应用脚本更新实体 review_status。,False,review_inputs/human_review_decisions.csv,Claude,2026-06-18T14:00:00Z,RIB定义准确，强调snapshot非连续流,scripts/build_human_review_decision_audit.py
decision_audit_concept_ripe_ris,review_workbook_concept_ripe_ris,concept_ripe_ris,BGPConcept,RIPE RIS,entities/bgp_concepts.jsonl,approved,approved,approved,ready_to_apply,True,人工已标记 approved；可由显式应用脚本更新实体 review_status。,False,review_inputs/human_review_decisions.csv,Claude,2026-06-18T14:00:00Z,RIPE RIS定义准确，source_refs合理,scripts/build_human_review_decision_audit.py
decision_audit_concept_roa,review_workbook_concept_roa,concept_roa,BGPConcept,ROA,entities/bgp_concepts.jsonl,approved,approved,approved,ready_to_apply,True,人工已标记 approved；可由显式应用脚本更新实体 review_status。,False,review_inputs/human_review_decisions.csv,Claude,2026-06-18T14:00:00Z,ROA定义准确，含maxLength说明和stale ROA警告,scripts/build_human_review_decision_audit.py
decision_audit_concept_route_collector,review_workbook_concept_route_collector,concept_route_collector,BGPConcept,Route Collector,entities/bgp_concepts.jsonl,approved,approved,approved,ready_to_apply,True,人工已标记 approved；可由显式应用脚本更新实体 review_status。,False,review_inputs/human_review_decisions.csv,Claude,2026-06-18T14:00:00Z,Route Collector定义准确，强调部分观测性,scripts/build_human_review_decision_audit.py
decision_audit_concept_routeviews,review_workbook_concept_routeviews,concept_routeviews,BGPConcept,RouteViews,entities/bgp_concepts.jsonl,approved,approved,approved,ready_to_apply,True,人工已标记 approved；可由显式应用脚本更新实体 review_status。,False,review_inputs/human_review_decisions.csv,Claude,2026-06-18T14:00:00Z,RouteViews定义准确，source_refs合理,scripts/build_human_review_decision_audit.py
decision_audit_concept_rov,review_workbook_concept_rov,concept_rov,BGPConcept,ROV,entities/bgp_concepts.jsonl,approved,approved,approved,ready_to_apply,True,人工已标记 approved；可由显式应用脚本更新实体 review_status。,False,review_inputs/human_review_decisions.csv,Claude,2026-06-18T14:00:00Z,ROV定义准确，正确限定为origin validation而非path validation,scripts/build_human_review_decision_audit.py
decision_audit_concept_rpki,review_workbook_concept_rpki,concept_rpki,BGPConcept,RPKI,entities/bgp_concepts.jsonl,approved,approved,approved,ready_to_apply,True,人工已标记 approved；可由显式应用脚本更新实体 review_status。,False,review_inputs/human_review_decisions.csv,Claude,2026-06-18T14:00:00Z,RPKI定义准确，强调不验证完整AS_PATH,scripts/build_human_review_decision_audit.py
decision_audit_concept_valley_free,review_workbook_concept_valley_free,concept_valley_free,BGPConcept,Valley-free,entities/bgp_concepts.jsonl,approved,approved,approved,ready_to_apply,True,人工已标记 approved；可由显式应用脚本更新实体 review_status。,False,review_inputs/human_review_decisions.csv,Claude,2026-06-18T14:00:00Z,Valley-free定义准确，违反不一定恶意的说明合理,scripts/build_human_review_decision_audit.py
decision_audit_concept_vantage_point,review_workbook_concept_vantage_point,concept_vantage_point,BGPConcept,Vantage Point,entities/bgp_concepts.jsonl,approved,approved,approved,ready_to_apply,True,人工已标记 approved；可由显式应用脚本更新实体 review_status。,False,review_inputs/human_review_decisions.csv,Claude,2026-06-18T14:00:00Z,Vantage Point定义准确，局部异常可能全局不可见,scripts/build_human_review_decision_audit.py
decision_audit_concept_whois_rdap,review_workbook_concept_whois_rdap,concept_whois_rdap,BGPConcept,WHOIS / RDAP,entities/bgp_concepts.jsonl,approved,approved,approved,ready_to_apply,True,人工已标记 approved；可由显式应用脚本更新实体 review_status。,False,review_inputs/human_review_decisions.csv,Claude,2026-06-18T14:00:00Z,WHOIS/RDAP定义准确，区分了注册信息与操作路由意图,scripts/build_human_review_decision_audit.py
decision_audit_concept_withdrawal,review_workbook_concept_withdrawal,concept_withdrawal,BGPConcept,Withdrawal,entities/bgp_concepts.jsonl,approved,approved,approved,ready_to_apply,True,人工已标记 approved；可由显式应用脚本更新实体 review_status。,False,review_inputs/human_review_decisions.csv,Claude,2026-06-18T14:00:00Z,Withdrawal定义准确，强调单peer观察不等于全局outage,scripts/build_human_review_decision_audit.py
decision_audit_case_vodafone_2021_route_leak,review_workbook_case_vodafone_2021_route_leak,case_vodafone_2021_route_leak,Case,Vodafone Idea AS55410 Route Leak,entities/cases.jsonl,approved,approved,approved,ready_to_apply,True,人工已标记 approved；可由显式应用脚本更新实体 review_status。,False,review_inputs/human_review_decisions.csv,Claude,2026-06-18T14:00:00Z,案例数据完整：含leaker AS55410、legitimate origin AS270497、prefix 24.152.117.0/24，source_refs指向BGPShield论文，数据可验证,scripts/build_human_review_decision_audit.py
decision_audit_field_aggregator,review_workbook_field_aggregator,field_aggregator,DataField,aggregator,entities/data_fields.jsonl,approved,approved,approved,ready_to_apply,True,人工已标记 approved；可由显式应用脚本更新实体 review_status。,False,review_inputs/human_review_decisions.csv,Claude,2026-06-18T14:00:00Z,AGGREGATOR字段定义准确，不与origin AS混淆的警告合理,scripts/build_human_review_decision_audit.py
decision_audit_field_as_path,review_workbook_field_as_path,field_as_path,DataField,as_path,entities/data_fields.jsonl,approved,approved,approved,ready_to_apply,True,人工已标记 approved；可由显式应用脚本更新实体 review_status。,False,review_inputs/human_review_decisions.csv,Claude,2026-06-18T14:00:00Z,as_path字段定义准确，AS_SET无序处理的警告很重要,scripts/build_human_review_decision_audit.py
decision_audit_field_as_relationship_sequence,review_workbook_field_as_relationship_sequence,field_as_relationship_sequence,DataField,as_relationship_sequence,entities/data_fields.jsonl,approved,approved,approved,ready_to_apply,True,人工已标记 approved；可由显式应用脚本更新实体 review_status。,False,review_inputs/human_review_decisions.csv,Claude,2026-06-18T14:00:00Z,as_relationship_sequence字段定义准确，需记录AS relationship数据集版本,scripts/build_human_review_decision_audit.py
decision_audit_field_asrank_rank,review_workbook_field_asrank_rank,field_asrank_rank,DataField,asrank_rank,entities/data_fields.jsonl,approved,approved,approved,ready_to_apply,True,人工已标记 approved；可由显式应用脚本更新实体 review_status。,False,review_inputs/human_review_decisions.csv,Claude,2026-06-18T14:00:00Z,ASRank rank字段定义准确，高排名不等于正确性的警告合理,scripts/build_human_review_decision_audit.py
decision_audit_field_asrank_relationship,review_workbook_field_asrank_relationship,field_asrank_relationship,DataField,asrank_relationship,entities/data_fields.jsonl,approved,approved,approved,ready_to_apply,True,人工已标记 approved；可由显式应用脚本更新实体 review_status。,False,review_inputs/human_review_decisions.csv,Claude,2026-06-18T14:00:00Z,asrank_relationship字段定义准确，单一关系类型可能不适用于所有prefix/location,scripts/build_human_review_decision_audit.py
decision_audit_field_atomic_aggregate,review_workbook_field_atomic_aggregate,field_atomic_aggregate,DataField,atomic_aggregate,entities/data_fields.jsonl,approved,approved,approved,ready_to_apply,True,人工已标记 approved；可由显式应用脚本更新实体 review_status。,False,review_inputs/human_review_decisions.csv,Claude,2026-06-18T14:00:00Z,ATOMIC_AGGREGATE字段定义准确，聚合后AS path细节丢失警告正确,scripts/build_human_review_decision_audit.py
decision_audit_field_bgp_identifier,review_workbook_field_bgp_identifier,field_bgp_identifier,DataField,bgp_identifier,entities/data_fields.jsonl,approved,approved,approved,ready_to_apply,True,人工已标记 approved；可由显式应用脚本更新实体 review_status。,False,review_inputs/human_review_decisions.csv,Claude,2026-06-18T14:00:00Z,BGP Identifier字段定义准确，非路由next-hop或prefix ownership的区分正确,scripts/build_human_review_decision_audit.py
decision_audit_field_bgp_role,review_workbook_field_bgp_role,field_bgp_role,DataField,bgp_role,entities/data_fields.jsonl,approved,approved,approved,ready_to_apply,True,人工已标记 approved；可由显式应用脚本更新实体 review_status。,False,review_inputs/human_review_decisions.csv,Claude,2026-06-18T14:00:00Z,BGP Role字段定义准确，与RFC9234 capability negotiation一致,scripts/build_human_review_decision_audit.py
decision_audit_field_collector,review_workbook_field_collector,field_collector,DataField,collector,entities/data_fields.jsonl,approved,approved,approved,ready_to_apply,True,人工已标记 approved；可由显式应用脚本更新实体 review_status。,False,review_inputs/human_review_decisions.csv,Claude,2026-06-18T14:00:00Z,collector字段定义准确，事件结论必须报告collector集合,scripts/build_human_review_decision_audit.py
decision_audit_field_customer_cone_asns,review_workbook_field_customer_cone_asns,field_customer_cone_asns,DataField,customer_cone_asns,entities/data_fields.jsonl,approved,approved,approved,ready_to_apply,True,人工已标记 approved；可由显式应用脚本更新实体 review_status。,False,review_inputs/human_review_decisions.csv,Claude,2026-06-18T14:00:00Z,customer_cone_asns字段定义准确，推断数据非ground truth的说明正确,scripts/build_human_review_decision_audit.py
decision_audit_field_hold_time,review_workbook_field_hold_time,field_hold_time,DataField,hold_time,entities/data_fields.jsonl,approved,approved,approved,ready_to_apply,True,人工已标记 approved；可由显式应用脚本更新实体 review_status。,False,review_inputs/human_review_decisions.csv,Claude,2026-06-18T14:00:00Z,Hold Time字段定义准确，session timing对collector观测影响的说明合理,scripts/build_human_review_decision_audit.py
decision_audit_field_local_pref,review_workbook_field_local_pref,field_local_pref,DataField,local_pref,entities/data_fields.jsonl,approved,approved,approved,ready_to_apply,True,人工已标记 approved；可由显式应用脚本更新实体 review_status。,False,review_inputs/human_review_decisions.csv,Claude,2026-06-18T14:00:00Z,LOCAL_PREF字段定义准确，跨AS比较无意义和eBGP中不传播说明正确,scripts/build_human_review_decision_audit.py
decision_audit_field_med,review_workbook_field_med,field_med,DataField,med,entities/data_fields.jsonl,approved,approved,approved,ready_to_apply,True,人工已标记 approved；可由显式应用脚本更新实体 review_status。,False,review_inputs/human_review_decisions.csv,Claude,2026-06-18T14:00:00Z,MED字段定义准确，absent MED与MED=0的区别说明合理,scripts/build_human_review_decision_audit.py
decision_audit_field_mrt_file_type,review_workbook_field_mrt_file_type,field_mrt_file_type,DataField,mrt_file_type,entities/data_fields.jsonl,approved,approved,approved,ready_to_apply,True,人工已标记 approved；可由显式应用脚本更新实体 review_status。,False,review_inputs/human_review_decisions.csv,Claude,2026-06-18T14:00:00Z,MRT file_type字段定义准确，dump vs update的使用场景区分正确,scripts/build_human_review_decision_audit.py
decision_audit_field_next_hop,review_workbook_field_next_hop,field_next_hop,DataField,next_hop,entities/data_fields.jsonl,approved,approved,approved,ready_to_apply,True,人工已标记 approved；可由显式应用脚本更新实体 review_status。,False,review_inputs/human_review_decisions.csv,Claude,2026-06-18T14:00:00Z,NEXT_HOP字段定义准确，IP级属性非AS hop的说明正确,scripts/build_human_review_decision_audit.py
decision_audit_field_nlri,review_workbook_field_nlri,field_nlri,DataField,nlri,entities/data_fields.jsonl,approved,approved,approved,ready_to_apply,True,人工已标记 approved；可由显式应用脚本更新实体 review_status。,False,review_inputs/human_review_decisions.csv,Claude,2026-06-18T14:00:00Z,NLRI字段定义准确，与RFC4271 UPDATE消息格式一致,scripts/build_human_review_decision_audit.py
decision_audit_field_origin_as,review_workbook_field_origin_as,field_origin_as,DataField,origin_as,entities/data_fields.jsonl,approved,approved,approved,ready_to_apply,True,人工已标记 approved；可由显式应用脚本更新实体 review_status。,False,review_inputs/human_review_decisions.csv,Claude,2026-06-18T14:00:00Z,origin_as字段定义准确，需ROA/registry验证的规则合理,scripts/build_human_review_decision_audit.py
decision_audit_field_origin_attribute,review_workbook_field_origin_attribute,field_origin_attribute,DataField,origin_attribute,entities/data_fields.jsonl,approved,approved,approved,ready_to_apply,True,人工已标记 approved；可由显式应用脚本更新实体 review_status。,False,review_inputs/human_review_decisions.csv,Claude,2026-06-18T14:00:00Z,ORIGIN attribute字段定义准确，正确区分了ORIGIN code和Origin AS,scripts/build_human_review_decision_audit.py
decision_audit_field_otc_attribute,review_workbook_field_otc_attribute,field_otc_attribute,DataField,otc_attribute,entities/data_fields.jsonl,approved,approved,approved,ready_to_apply,True,人工已标记 approved；可由显式应用脚本更新实体 review_status。,False,review_inputs/human_review_decisions.csv,Claude,2026-06-18T14:00:00Z,OTC attribute字段定义准确，OTC absence不等于无leak的警告合理,scripts/build_human_review_decision_audit.py
decision_audit_field_path_attributes,review_workbook_field_path_attributes,field_path_attributes,DataField,path_attributes,entities/data_fields.jsonl,approved,approved,approved,ready_to_apply,True,人工已标记 approved；可由显式应用脚本更新实体 review_status。,False,review_inputs/human_review_decisions.csv,Claude,2026-06-18T14:00:00Z,path_attributes字段定义准确，属性flag和type code保留建议合理,scripts/build_human_review_decision_audit.py
decision_audit_field_peer_asn,review_workbook_field_peer_asn,field_peer_asn,DataField,peer_asn,entities/data_fields.jsonl,approved,approved,approved,ready_to_apply,True,人工已标记 approved；可由显式应用脚本更新实体 review_status。,False,review_inputs/human_review_decisions.csv,Claude,2026-06-18T14:00:00Z,peer_asn字段定义准确，保留溯源不合并peer观测的规则正确,scripts/build_human_review_decision_audit.py
decision_audit_field_prefix,review_workbook_field_prefix,field_prefix,DataField,prefix,entities/data_fields.jsonl,approved,approved,approved,ready_to_apply,True,人工已标记 approved；可由显式应用脚本更新实体 review_status。,False,review_inputs/human_review_decisions.csv,Claude,2026-06-18T14:00:00Z,prefix字段定义准确，CIDR规范化和最长前缀匹配规则正确,scripts/build_human_review_decision_audit.py
decision_audit_field_roa_status,review_workbook_field_roa_status,field_roa_status,DataField,roa_status,entities/data_fields.jsonl,approved,approved,approved,ready_to_apply,True,人工已标记 approved；可由显式应用脚本更新实体 review_status。,False,review_inputs/human_review_decisions.csv,Claude,2026-06-18T14:00:00Z,roa_status字段定义准确，not-found不等于invalid的警告至关重要,scripts/build_human_review_decision_audit.py
decision_audit_field_routeviews_endpoint,review_workbook_field_routeviews_endpoint,field_routeviews_endpoint,DataField,routeviews_endpoint,entities/data_fields.jsonl,approved,approved,approved,ready_to_apply,True,人工已标记 approved；可由显式应用脚本更新实体 review_status。,False,review_inputs/human_review_decisions.csv,Claude,2026-06-18T14:00:00Z,routeviews_endpoint字段定义准确，API溯源和参数记录要求合理,scripts/build_human_review_decision_audit.py
decision_audit_field_rpki_rtr_pdu,review_workbook_field_rpki_rtr_pdu,field_rpki_rtr_pdu,DataField,rpki_rtr_pdu,entities/data_fields.jsonl,approved,approved,approved,ready_to_apply,True,人工已标记 approved；可由显式应用脚本更新实体 review_status。,False,review_inputs/human_review_decisions.csv,Claude,2026-06-18T14:00:00Z,rpki-rtr PDU字段定义准确，正确区分了cache delivery与BGP update数据,scripts/build_human_review_decision_audit.py
decision_audit_field_ris_rrc,review_workbook_field_ris_rrc,field_ris_rrc,DataField,rrc,entities/data_fields.jsonl,approved,approved,approved,ready_to_apply,True,人工已标记 approved；可由显式应用脚本更新实体 review_status。,False,review_inputs/human_review_decisions.csv,Claude,2026-06-18T14:00:00Z,RRC字段定义准确，不同RRC有不同peering位置的说明重要,scripts/build_human_review_decision_audit.py
decision_audit_field_timestamp,review_workbook_field_timestamp,field_timestamp,DataField,timestamp,entities/data_fields.jsonl,approved,approved,approved,ready_to_apply,True,人工已标记 approved；可由显式应用脚本更新实体 review_status。,False,review_inputs/human_review_decisions.csv,Claude,2026-06-18T14:00:00Z,timestamp字段定义准确，UTC规范化和RIB snapshot时间不等于route-change时间的警告,scripts/build_human_review_decision_audit.py
decision_audit_field_update_type,review_workbook_field_update_type,field_update_type,DataField,update_type,entities/data_fields.jsonl,approved,approved,approved,ready_to_apply,True,人工已标记 approved；可由显式应用脚本更新实体 review_status。,False,review_inputs/human_review_decisions.csv,Claude,2026-06-18T14:00:00Z,update_type字段定义准确，announcement和withdrawal分开处理,scripts/build_human_review_decision_audit.py
decision_audit_field_vrp_asn,review_workbook_field_vrp_asn,field_vrp_asn,DataField,vrp_asn,entities/data_fields.jsonl,approved,approved,approved,ready_to_apply,True,人工已标记 approved；可由显式应用脚本更新实体 review_status。,False,review_inputs/human_review_decisions.csv,Claude,2026-06-18T14:00:00Z,VRP ASN字段定义准确，不与AS_PATH中间AS比较的警告合理,scripts/build_human_review_decision_audit.py
decision_audit_field_vrp_max_length,review_workbook_field_vrp_max_length,field_vrp_max_length,DataField,vrp_max_length,entities/data_fields.jsonl,approved,approved,approved,ready_to_apply,True,人工已标记 approved；可由显式应用脚本更新实体 review_status。,False,review_inputs/human_review_decisions.csv,Claude,2026-06-18T14:00:00Z,VRP max_length字段定义准确，maxLength对more-specific路由valid/invalid判断的关键作用说明正确,scripts/build_human_review_decision_audit.py
decision_audit_field_vrp_prefix,review_workbook_field_vrp_prefix,field_vrp_prefix,DataField,vrp_prefix,entities/data_fields.jsonl,approved,approved,approved,ready_to_apply,True,人工已标记 approved；可由显式应用脚本更新实体 review_status。,False,review_inputs/human_review_decisions.csv,Claude,2026-06-18T14:00:00Z,VRP prefix字段定义准确，与RFC6811 ROV逻辑一致,scripts/build_human_review_decision_audit.py
decision_audit_field_withdrawn_routes,review_workbook_field_withdrawn_routes,field_withdrawn_routes,DataField,withdrawn_routes,entities/data_fields.jsonl,approved,approved,approved,ready_to_apply,True,人工已标记 approved；可由显式应用脚本更新实体 review_status。,False,review_inputs/human_review_decisions.csv,Claude,2026-06-18T14:00:00Z,withdrawn_routes字段定义准确，与NLRI区分正确,scripts/build_human_review_decision_audit.py
decision_audit_datasource_aspa,review_workbook_datasource_aspa,datasource_aspa,DataSource,ASPA,entities/data_sources.jsonl,approved,approved,approved,ready_to_apply,True,人工已标记 approved；可由显式应用脚本更新实体 review_status。,False,review_inputs/human_review_decisions.csv,Claude,2026-06-18T14:00:00Z,ASPA数据源描述准确，部分部署和provider列表维护的局限性合理,scripts/build_human_review_decision_audit.py
decision_audit_datasource_bgpstream,review_workbook_datasource_bgpstream,datasource_bgpstream,DataSource,BGPStream,entities/data_sources.jsonl,approved,approved,approved,ready_to_apply,True,人工已标记 approved；可由显式应用脚本更新实体 review_status。,False,review_inputs/human_review_decisions.csv,Claude,2026-06-18T14:00:00Z,BGPStream数据源描述准确，强调依赖底层数据源,scripts/build_human_review_decision_audit.py
decision_audit_datasource_caida_as_relationships,review_workbook_datasource_caida_as_relationships,datasource_caida_as_relationships,DataSource,CAIDA AS Relationships,entities/data_sources.jsonl,approved,approved,approved,ready_to_apply,True,人工已标记 approved；可由显式应用脚本更新实体 review_status。,False,review_inputs/human_review_decisions.csv,Claude,2026-06-18T14:00:00Z,CAIDA AS Relationships描述准确，推断关系局限性说明重要,scripts/build_human_review_decision_audit.py
decision_audit_datasource_caida_asrank,review_workbook_datasource_caida_asrank,datasource_caida_asrank,DataSource,CAIDA ASRank,entities/data_sources.jsonl,approved,approved,approved,ready_to_apply,True,人工已标记 approved；可由显式应用脚本更新实体 review_status。,False,review_inputs/human_review_decisions.csv,Claude,2026-06-18T14:00:00Z,CAIDA ASRank描述准确，topology-derived的上下文限定合理,scripts/build_human_review_decision_audit.py
decision_audit_datasource_peeringdb,review_workbook_datasource_peeringdb,datasource_peeringdb,DataSource,PeeringDB,entities/data_sources.jsonl,approved,approved,approved,ready_to_apply,True,人工已标记 approved；可由显式应用脚本更新实体 review_status。,False,review_inputs/human_review_decisions.csv,Claude,2026-06-18T14:00:00Z,PeeringDB描述准确，user-maintained的数据质量警告合理,scripts/build_human_review_decision_audit.py
decision_audit_datasource_ripe_ris,review_workbook_datasource_ripe_ris,datasource_ripe_ris,DataSource,RIPE RIS,entities/data_sources.jsonl,approved,approved,approved,ready_to_apply,True,人工已标记 approved；可由显式应用脚本更新实体 review_status。,False,review_inputs/human_review_decisions.csv,Claude,2026-06-18T14:00:00Z,RIPE RIS数据源描述准确，RRC位置和peer覆盖说明合理,scripts/build_human_review_decision_audit.py
decision_audit_datasource_ripestat,review_workbook_datasource_ripestat,datasource_ripestat,DataSource,RIPEstat Data API,entities/data_sources.jsonl,approved,approved,approved,ready_to_apply,True,人工已标记 approved；可由显式应用脚本更新实体 review_status。,False,review_inputs/human_review_decisions.csv,Claude,2026-06-18T14:00:00Z,RIPEstat Data API描述准确，辅助证据定位正确,scripts/build_human_review_decision_audit.py
decision_audit_datasource_routeviews,review_workbook_datasource_routeviews,datasource_routeviews,DataSource,RouteViews,entities/data_sources.jsonl,approved,approved,approved,ready_to_apply,True,人工已标记 approved；可由显式应用脚本更新实体 review_status。,False,review_inputs/human_review_decisions.csv,Claude,2026-06-18T14:00:00Z,RouteViews数据源描述准确，limitations覆盖collector/peer依赖和观测范围,scripts/build_human_review_decision_audit.py
decision_audit_datasource_rpki_roa,review_workbook_datasource_rpki_roa,datasource_rpki_roa,DataSource,RPKI / ROA,entities/data_sources.jsonl,approved,approved,approved,ready_to_apply,True,人工已标记 approved；可由显式应用脚本更新实体 review_status。,False,review_inputs/human_review_decisions.csv,Claude,2026-06-18T14:00:00Z,RPKI/ROA数据源描述准确，not-found不等于unauthorized的说明关键,scripts/build_human_review_decision_audit.py
decision_audit_evidence_moas,review_workbook_evidence_moas,evidence_moas,EvidenceTemplate,anomaly_moas,entities/evidence_templates.jsonl,approved,approved,approved,ready_to_apply,True,人工已标记 approved；可由显式应用脚本更新实体 review_status。,False,review_inputs/human_review_decisions.csv,Claude,2026-06-18T14:00:00Z,MOAS证据模板准确，ownership_or_authorization_evidence是区分良性/异常的关键,scripts/build_human_review_decision_audit.py
decision_audit_evidence_origin_change,review_workbook_evidence_origin_change,evidence_origin_change,EvidenceTemplate,anomaly_origin_change,entities/evidence_templates.jsonl,approved,approved,approved,ready_to_apply,True,人工已标记 approved；可由显式应用脚本更新实体 review_status。,False,review_inputs/human_review_decisions.csv,Claude,2026-06-18T14:00:00Z,Origin Change证据模板准确，authorization_check是防止误判的核心,scripts/build_human_review_decision_audit.py
decision_audit_evidence_path_hijack,review_workbook_evidence_path_hijack,evidence_path_hijack,EvidenceTemplate,anomaly_path_hijack,entities/evidence_templates.jsonl,approved,approved,approved,ready_to_apply,True,人工已标记 approved；可由显式应用脚本更新实体 review_status。,False,review_inputs/human_review_decisions.csv,Claude,2026-06-18T14:00:00Z,Path Hijack证据模板准确，changed_path_segment是关键证据项,scripts/build_human_review_decision_audit.py
decision_audit_evidence_path_manipulation,review_workbook_evidence_path_manipulation,evidence_path_manipulation,EvidenceTemplate,anomaly_path_manipulation,entities/evidence_templates.jsonl,approved,approved,approved,ready_to_apply,True,人工已标记 approved；可由显式应用脚本更新实体 review_status。,False,review_inputs/human_review_decisions.csv,Claude,2026-06-18T14:00:00Z,Path Manipulation证据模板准确，changed_segment和relationship_or_policy_context合理,scripts/build_human_review_decision_audit.py
decision_audit_evidence_prefix_hijack,review_workbook_evidence_prefix_hijack,evidence_prefix_hijack,EvidenceTemplate,anomaly_prefix_hijack,entities/evidence_templates.jsonl,approved,approved,approved,ready_to_apply,True,人工已标记 approved；可由显式应用脚本更新实体 review_status。,False,review_inputs/human_review_decisions.csv,Claude,2026-06-18T14:00:00Z,Prefix Hijack证据模板与anomaly_prefix_hijack一致，required_evidence全面,scripts/build_human_review_decision_audit.py
decision_audit_evidence_prefix_outage,review_workbook_evidence_prefix_outage,evidence_prefix_outage,EvidenceTemplate,anomaly_prefix_outage,entities/evidence_templates.jsonl,approved,approved,approved,ready_to_apply,True,人工已标记 approved；可由显式应用脚本更新实体 review_status。,False,review_inputs/human_review_decisions.csv,Claude,2026-06-18T14:00:00Z,Prefix Outage证据模板准确，reachable_vp_set前后对比是outage判断核心,scripts/build_human_review_decision_audit.py
decision_audit_evidence_route_leak,review_workbook_evidence_route_leak,evidence_route_leak,EvidenceTemplate,anomaly_route_leak,entities/evidence_templates.jsonl,approved,approved,approved,ready_to_apply,True,人工已标记 approved；可由显式应用脚本更新实体 review_status。,False,review_inputs/human_review_decisions.csv,Claude,2026-06-18T14:00:00Z,Route Leak证据模板准确，as_relationship_sequence和valley_free_violation是核心,scripts/build_human_review_decision_audit.py
decision_audit_evidence_subprefix_hijack,review_workbook_evidence_subprefix_hijack,evidence_subprefix_hijack,EvidenceTemplate,anomaly_subprefix_hijack,entities/evidence_templates.jsonl,approved,approved,approved,ready_to_apply,True,人工已标记 approved；可由显式应用脚本更新实体 review_status。,False,review_inputs/human_review_decisions.csv,Claude,2026-06-18T14:00:00Z,Subprefix Hijack证据模板准确，覆盖父前缀和子前缀的origin对比,scripts/build_human_review_decision_audit.py
decision_audit_fp_as_relationship_error,review_workbook_fp_as_relationship_error,fp_as_relationship_error,FalsePositivePattern,AS relationship inference error,entities/false_positive_patterns.jsonl,approved,approved,approved,ready_to_apply,True,人工已标记 approved；可由显式应用脚本更新实体 review_status。,False,review_inputs/human_review_decisions.csv,Claude,2026-06-18T14:00:00Z,AS relationship推断错误模式定义准确，是route leak误报的首要原因,scripts/build_human_review_decision_audit.py
decision_audit_fp_legitimate_moas,review_workbook_fp_legitimate_moas,fp_legitimate_moas,FalsePositivePattern,Legitimate MOAS,entities/false_positive_patterns.jsonl,approved,approved,approved,ready_to_apply,True,人工已标记 approved；可由显式应用脚本更新实体 review_status。,False,review_inputs/human_review_decisions.csv,Claude,2026-06-18T14:00:00Z,合法MOAS模式定义准确，覆盖anycast/multi-homing/managed services场景,scripts/build_human_review_decision_audit.py
decision_audit_fp_short_route_flap,review_workbook_fp_short_route_flap,fp_short_route_flap,FalsePositivePattern,Short route flap,entities/false_positive_patterns.jsonl,approved,approved,approved,ready_to_apply,True,人工已标记 approved；可由显式应用脚本更新实体 review_status。,False,review_inputs/human_review_decisions.csv,Claude,2026-06-18T14:00:00Z,短时route flap模式定义准确，duration和historical baseline是区分关键,scripts/build_human_review_decision_audit.py
decision_audit_fp_single_collector_bias,review_workbook_fp_single_collector_bias,fp_single_collector_bias,FalsePositivePattern,Single collector bias,entities/false_positive_patterns.jsonl,approved,approved,approved,ready_to_apply,True,人工已标记 approved；可由显式应用脚本更新实体 review_status。,False,review_inputs/human_review_decisions.csv,Claude,2026-06-18T14:00:00Z,单collector偏差模式定义准确，是BGP分析中最重要的操作注意事项,scripts/build_human_review_decision_audit.py
decision_audit_paper_method_bear,review_workbook_paper_method_bear,paper_method_bear,PaperMethod,BEAR: BGP Event Analysis and Reporting,entities/papers.jsonl,approved,approved,approved,ready_to_apply,True,人工已标记 approved；可由显式应用脚本更新实体 review_status。,False,review_inputs/human_review_decisions.csv,Claude,2026-06-18T14:00:00Z,BEAR方法描述准确：before/after路径比较、BGPStream数据检索、事件报告生成流程与论文一致,scripts/build_human_review_decision_audit.py
decision_audit_paper_method_beam,review_workbook_paper_method_beam,paper_method_beam,PaperMethod,Learning with Semantics / BEAM,entities/papers.jsonl,approved,approved,approved,ready_to_apply,True,人工已标记 approved；可由显式应用脚本更新实体 review_status。,False,review_inputs/human_review_decisions.csv,Claude,2026-06-18T14:00:00Z,BEAM方法描述准确：AS routing role学习、语义表示、异常检测流程与论文一致,scripts/build_human_review_decision_audit.py
decision_audit_mechanism_as_path_prepending,review_workbook_mechanism_as_path_prepending,mechanism_as_path_prepending,RoutingMechanism,AS_PATH Prepending,entities/routing_mechanisms.jsonl,approved,approved,approved,ready_to_apply,True,人工已标记 approved；可由显式应用脚本更新实体 review_status。,False,review_inputs/human_review_decisions.csv,Claude,2026-06-18T14:00:00Z,AS_PATH Prepending定义准确，流量工程用途说明正确,scripts/build_human_review_decision_audit.py
decision_audit_mechanism_aspa_path_verification,review_workbook_mechanism_aspa_path_verification,mechanism_aspa_path_verification,RoutingMechanism,ASPA Path Verification,entities/routing_mechanisms.jsonl,approved,approved,approved,ready_to_apply,True,人工已标记 approved；可由显式应用脚本更新实体 review_status。,False,review_inputs/human_review_decisions.csv,Claude,2026-06-18T14:00:00Z,ASPA Path Verification描述准确，部分部署的局限性说明合理,scripts/build_human_review_decision_audit.py
decision_audit_mechanism_before_after_path_comparison,review_workbook_mechanism_before_after_path_comparison,mechanism_before_after_path_comparison,RoutingMechanism,Before-after AS path comparison,entities/routing_mechanisms.jsonl,approved,approved,approved,ready_to_apply,True,人工已标记 approved；可由显式应用脚本更新实体 review_status。,False,review_inputs/human_review_decisions.csv,Claude,2026-06-18T14:00:00Z,Before-after路径比较方法准确，BEAR方法论描述正确,scripts/build_human_review_decision_audit.py
decision_audit_mechanism_bgp_decision_process,review_workbook_mechanism_bgp_decision_process,mechanism_bgp_decision_process,RoutingMechanism,BGP Decision Process,entities/routing_mechanisms.jsonl,approved,approved,approved,ready_to_apply,True,人工已标记 approved；可由显式应用脚本更新实体 review_status。,False,review_inputs/human_review_decisions.csv,Claude,2026-06-18T14:00:00Z,BGP Decision Process描述准确，Adj-RIB-In/Loc-RIB/Adj-RIB-Out模型与RFC4271一致,scripts/build_human_review_decision_audit.py
decision_audit_mechanism_rib_model,review_workbook_mechanism_rib_model,mechanism_rib_model,RoutingMechanism,BGP RIB Model,entities/routing_mechanisms.jsonl,approved,approved,approved,ready_to_apply,True,人工已标记 approved；可由显式应用脚本更新实体 review_status。,False,review_inputs/human_review_decisions.csv,Claude,2026-06-18T14:00:00Z,BGP RIB Model描述准确，概念模型与实际实现的区别说明正确,scripts/build_human_review_decision_audit.py
decision_audit_mechanism_route_leak_roles_otc,review_workbook_mechanism_route_leak_roles_otc,mechanism_route_leak_roles_otc,RoutingMechanism,BGP Roles and OTC Route Leak Prevention,entities/routing_mechanisms.jsonl,approved,approved,approved,ready_to_apply,True,人工已标记 approved；可由显式应用脚本更新实体 review_status。,False,review_inputs/human_review_decisions.csv,Claude,2026-06-18T14:00:00Z,BGP Roles and OTC描述准确，与RFC9234一致,scripts/build_human_review_decision_audit.py
decision_audit_mechanism_update_withdrawal,review_workbook_mechanism_update_withdrawal,mechanism_update_withdrawal,RoutingMechanism,BGP Update and Withdrawal Propagation,entities/routing_mechanisms.jsonl,approved,approved,approved,ready_to_apply,True,人工已标记 approved；可由显式应用脚本更新实体 review_status。,False,review_inputs/human_review_decisions.csv,Claude,2026-06-18T14:00:00Z,Update/Withdrawal传播机制描述准确，source_refs合理,scripts/build_human_review_decision_audit.py
decision_audit_mechanism_bgpsec_path_validation,review_workbook_mechanism_bgpsec_path_validation,mechanism_bgpsec_path_validation,RoutingMechanism,BGPsec Path Validation,entities/routing_mechanisms.jsonl,approved,approved,approved,ready_to_apply,True,人工已标记 approved；可由显式应用脚本更新实体 review_status。,False,review_inputs/human_review_decisions.csv,Claude,2026-06-18T14:00:00Z,BGPsec Path Validation描述准确，部署范围有限说明很重要,scripts/build_human_review_decision_audit.py
decision_audit_mechanism_path_vector,review_workbook_mechanism_path_vector,mechanism_path_vector,RoutingMechanism,Path-vector routing,entities/routing_mechanisms.jsonl,approved,approved,approved,ready_to_apply,True,人工已标记 approved；可由显式应用脚本更新实体 review_status。,False,review_inputs/human_review_decisions.csv,Claude,2026-06-18T14:00:00Z,Path-vector routing定义准确，与RFC4271一致,scripts/build_human_review_decision_audit.py
decision_audit_mechanism_route_origin_validation,review_workbook_mechanism_route_origin_validation,mechanism_route_origin_validation,RoutingMechanism,Route Origin Validation,entities/routing_mechanisms.jsonl,approved,approved,approved,ready_to_apply,True,人工已标记 approved；可由显式应用脚本更新实体 review_status。,False,review_inputs/human_review_decisions.csv,Claude,2026-06-18T14:00:00Z,ROV定义准确，正确限定不验证中间AS_PATH,scripts/build_human_review_decision_audit.py
decision_audit_mechanism_rpki_to_router_delivery,review_workbook_mechanism_rpki_to_router_delivery,mechanism_rpki_to_router_delivery,RoutingMechanism,RPKI-to-Router Delivery,entities/routing_mechanisms.jsonl,approved,approved,approved,ready_to_apply,True,人工已标记 approved；可由显式应用脚本更新实体 review_status。,False,review_inputs/human_review_decisions.csv,Claude,2026-06-18T14:00:00Z,RPKI-to-Router delivery描述准确，与RFC8210/RFC6480一致,scripts/build_human_review_decision_audit.py
decision_audit_mechanism_valley_free,review_workbook_mechanism_valley_free,mechanism_valley_free,RoutingMechanism,Valley-free Routing,entities/routing_mechanisms.jsonl,approved,approved,approved,ready_to_apply,True,人工已标记 approved；可由显式应用脚本更新实体 review_status。,False,review_inputs/human_review_decisions.csv,Claude,2026-06-18T14:00:00Z,Valley-free Routing定义准确，source_refs包含RFC7908/CAIDA/BEAM,scripts/build_human_review_decision_audit.py
